order,kind,false_wake,clip_idx,accent_group,transcript,true_intent,true_variation,true_slot,pred_intent,pred_slot,pred_variation,pred_variation_id,pred_raw,correct_intent,correct_command,slot_exact,slot_abs_error,slot_phonetic_dist,n_command_events,wake_logged,latency_s,infer_ms,audio_ms,speaker_id,is_synthetic,wake_take,audio_file
0,no_wake,False,42,Filipino (group),Next song,NEXT,Next song,,NO_RESPONSE,,,,,,,,,,0,False,,,,202520785,False,0,audio/trial_000.wav
1,wake,,64,Filipino (group),Make a phone call,CALL,Make a phone call,,CALL,,,,"{""intent"": ""CALL"", ""confidence"": 0.699, ""model_intent"": ""CALL"", ""infer_ms"": 14.1, ""audio_ms"": 1600}",True,True,,,,1,True,0.010850667953491211,14.1,1600.0,202520785,False,1,audio/trial_001.wav
2,wake,,137,Synthetic,Brightness 100 percent,BRIGHTNESS,Brightness 100 percent,100 percent,BRIGHTNESS,100%,,,"{""intent"": ""BRIGHTNESS"", ""slot"": ""100%"", ""confidence"": 0.999, ""model_intent"": ""BRIGHTNESS"", ""infer_ms"": 21.0, ""audio_ms"": 2200}",True,True,True,0.0,0.0,1,True,0.5840137004852295,21.0,2200.0,s10,True,2,audio/trial_002.wav
3,wake,,38,Filipino (group),Stop playing music,STOP,Stop playing,,STOP,,,,"{""intent"": ""STOP"", ""confidence"": 0.997, ""model_intent"": ""STOP"", ""infer_ms"": 20.1, ""audio_ms"": 1900}",True,True,,,,1,True,-1.9194655418395996,20.1,1900.0,202520785,False,3,audio/trial_003.wav
4,wake,,70,Filipino (group),Send my message,MESSAGE,Send my message,,MESSAGE,,,,"{""intent"": ""MESSAGE"", ""confidence"": 0.995, ""model_intent"": ""MESSAGE"", ""infer_ms"": 14.3, ""audio_ms"": 1800}",True,True,,,,1,True,0.5147542953491211,14.3,1800.0,202520785,False,1,audio/trial_004.wav
5,wake,,193,Native English,Fetch my socks,OUT_OF_SCOPE,,,OUT_OF_SCOPE,,,,"{""intent"": ""OUT_OF_SCOPE"", ""confidence"": 0.578, ""model_intent"": ""NEXT"", ""infer_ms"": 20.4, ""audio_ms"": 1500}",True,True,,,,1,True,0.6615335941314697,20.4,1500.0,R3mXwwoaX9IoRVKe,False,2,audio/trial_005.wav
6,wake,,156,Synthetic,Switch color to red,COLOR,Switch color to Red,Red,COLOR,red,,,"{""intent"": ""COLOR"", ""slot"": ""red"", ""confidence"": 1.0, ""model_intent"": ""COLOR"", ""infer_ms"": 13.9, ""audio_ms"": 1500}",True,True,True,,0.0,1,True,0.5317745208740234,13.9,1500.0,s10,True,3,audio/trial_006.wav
7,wake,,148,Synthetic,Brightness level 100 percent,BRIGHTNESS,Brightness level 100 percent,100 percent,BRIGHTNESS,100%,,,"{""intent"": ""BRIGHTNESS"", ""slot"": ""100%"", ""confidence"": 0.999, ""model_intent"": ""BRIGHTNESS"", ""infer_ms"": 14.1, ""audio_ms"": 2300}",True,True,True,0.0,0.0,1,True,0.3998689651489258,14.1,2300.0,s10,True,1,audio/trial_007.wav
8,wake,,179,Synthetic,Remind me to exercise,CREATE_REMINDER,Remind me to Exercise,Exercise,CREATE_REMINDER,exercise,,,"{""intent"": ""CREATE_REMINDER"", ""slot"": ""exercise"", ""confidence"": 0.998, ""model_intent"": ""CREATE_REMINDER"", ""infer_ms"": 14.3, ""audio_ms"": 2100}",True,True,True,,0.0,1,True,0.439882755279541,14.3,2100.0,s10,True,2,audio/trial_008.wav
9,wake,,13,Synthetic,Time,TIME,Time,,TIME,,,,"{""intent"": ""TIME"", ""confidence"": 0.992, ""model_intent"": ""TIME"", ""infer_ms"": 13.9, ""audio_ms"": 800}",True,True,,,,1,True,0.5827898979187012,13.9,800.0,s10,True,3,audio/trial_009.wav
10,wake,,181,Synthetic,Create a reminder to drink water,CREATE_REMINDER,Create a reminder to Drink water,Drink water,CREATE_REMINDER,drink water,,,"{""intent"": ""CREATE_REMINDER"", ""slot"": ""drink water"", ""confidence"": 1.0, ""model_intent"": ""CREATE_REMINDER"", ""infer_ms"": 14.3, ""audio_ms"": 2300}",True,True,True,,0.0,1,True,0.6301560401916504,14.3,2300.0,s10,True,1,audio/trial_010.wav
11,wake,,134,Filipino (group),Brightness 60 percent,BRIGHTNESS,Brightness 60 percent,60 percent,BRIGHTNESS,20%,,,"{""intent"": ""BRIGHTNESS"", ""slot"": ""20%"", ""confidence"": 0.995, ""model_intent"": ""BRIGHTNESS"", ""infer_ms"": 14.4, ""audio_ms"": 1800}",True,False,False,40.0,0.3,1,True,-2.3582704067230225,14.4,1800.0,202520785,False,2,audio/trial_011.wav
12,wake,,24,Filipino (group),Lights off,LIGHT_OFF,Lights out,,OUT_OF_SCOPE,,,,"{""intent"": ""OUT_OF_SCOPE"", ""confidence"": 0.311, ""model_intent"": ""VOLUME_UP"", ""infer_ms"": 14.2, ""audio_ms"": 1300}",False,False,,,,1,True,0.5491087436676025,14.2,1300.0,202520785,False,3,audio/trial_012.wav
13,wake,,3,Synthetic,Start music,PLAY_MUSIC,Start music,,PLAY_MUSIC,,,,"{""intent"": ""PLAY_MUSIC"", ""confidence"": 1.0, ""model_intent"": ""PLAY_MUSIC"", ""infer_ms"": 14.9, ""audio_ms"": 1100}",True,True,,,,1,True,0.4426867961883545,14.9,1100.0,s10,True,1,audio/trial_013.wav
14,no_wake,False,135,Synthetic,Brightness 60 percent,BRIGHTNESS,Brightness 60 percent,60 percent,NO_RESPONSE,,,,,,,,,,0,False,,,,s10,True,0,audio/trial_014.wav
15,wake,,126,Filipino (group),Set the temperature to 18 degrees,TEMPERATURE,Set the temperature to 18 degrees,18 degrees,TEMPERATURE,22 degrees,,,"{""intent"": ""TEMPERATURE"", ""slot"": ""22 degrees"", ""confidence"": 1.0, ""model_intent"": ""TEMPERATURE"", ""infer_ms"": 15.1, ""audio_ms"": 2600}",True,False,False,4.0,0.5,1,True,0.5667250156402588,15.1,2600.0,202520785,False,2,audio/trial_015.wav
16,wake,,135,Synthetic,Brightness 60 percent,BRIGHTNESS,Brightness 60 percent,60 percent,BRIGHTNESS,60%,,,"{""intent"": ""BRIGHTNESS"", ""slot"": ""60%"", ""confidence"": 1.0, ""model_intent"": ""BRIGHTNESS"", ""infer_ms"": 14.3, ""audio_ms"": 2000}",True,True,True,0.0,0.0,1,True,0.5087671279907227,14.3,2000.0,s10,True,3,audio/trial_016.wav
17,wake,,152,Filipino (group),Change the lights to Blue,COLOR,Change color to Blue,Blue,COLOR,blue,,,"{""intent"": ""COLOR"", ""slot"": ""blue"", ""confidence"": 0.896, ""model_intent"": ""COLOR"", ""infer_ms"": 13.9, ""audio_ms"": 1600}",True,True,True,,0.0,1,True,0.33286619186401367,13.9,1600.0,202520785,False,1,audio/trial_017.wav
18,wake,,145,Synthetic,Brightness level 20 percent,BRIGHTNESS,Brightness level 20 percent,20 percent,BRIGHTNESS,20%,,,"{""intent"": ""BRIGHTNESS"", ""slot"": ""20%"", ""confidence"": 0.993, ""model_intent"": ""BRIGHTNESS"", ""infer_ms"": 14.3, ""audio_ms"": 2300}",True,True,True,0.0,0.0,1,True,0.5261905193328857,14.3,2300.0,s100,True,2,audio/trial_018.wav
19,wake,,26,Filipino (group),Kill the lights,LIGHT_OFF,Kill the lights,,LIGHT_OFF,,,,"{""intent"": ""LIGHT_OFF"", ""confidence"": 0.996, ""model_intent"": ""LIGHT_OFF"", ""infer_ms"": 21.2, ""audio_ms"": 1400}",True,True,,,,1,True,-2.404421806335449,21.2,1400.0,202520785,False,3,audio/trial_019.wav
20,wake,,23,Synthetic,Turn on the lights,LIGHT_ON,Turn on the lights,,LIGHT_ON,,,,"{""intent"": ""LIGHT_ON"", ""confidence"": 0.996, ""model_intent"": ""LIGHT_ON"", ""infer_ms"": 13.9, ""audio_ms"": 1400}",True,True,,,,1,True,0.6170034408569336,13.9,1400.0,s10,True,1,audio/trial_020.wav
21,no_wake,False,33,Synthetic,Pause audio,PAUSE,Pause audio,,NO_RESPONSE,,,,,,,,,,0,False,,,,s10,True,0,audio/trial_021.wav
22,no_wake,False,15,Synthetic,What time is it?,TIME,What time is it?,,NO_RESPONSE,,,,,,,,,,0,False,,,,s10,True,0,audio/trial_022.wav
23,wake,,119,Synthetic,Temperature 26 degrees,TEMPERATURE,Temperature 26 degrees,26 degrees,TEMPERATURE,26 degrees,,,"{""intent"": ""TEMPERATURE"", ""slot"": ""26 degrees"", ""confidence"": 1.0, ""model_intent"": ""TEMPERATURE"", ""infer_ms"": 14.2, ""audio_ms"": 2000}",True,True,True,0.0,0.0,1,True,0.555370569229126,14.2,2000.0,s10,True,2,audio/trial_023.wav
24,wake,,88,Filipino (group),Countdown for 1 minute,TIMER,Countdown for 1 minute,1 minute,TIMER,1m,,,"{""intent"": ""TIMER"", ""slot"": ""1m"", ""confidence"": 0.997, ""model_intent"": ""TIMER"", ""infer_ms"": 21.5, ""audio_ms"": 1900}",True,True,True,0.0,0.3333333333333333,1,True,0.6334877014160156,21.5,1900.0,202520785,False,3,audio/trial_024.wav
25,wake,,140,Filipino (group),Change the brightness to 60 percent,BRIGHTNESS,Adjust brightness to 60 percent,60 percent,BRIGHTNESS,60%,,,"{""intent"": ""BRIGHTNESS"", ""slot"": ""60%"", ""confidence"": 0.991, ""model_intent"": ""BRIGHTNESS"", ""infer_ms"": 14.2, ""audio_ms"": 2600}",True,True,True,0.0,0.0,1,True,0.6475210189819336,14.2,2600.0,202520785,False,1,audio/trial_025.wav
26,wake,,173,Synthetic,Reminder exercise,CREATE_REMINDER,Reminder Exercise,Exercise,CREATE_REMINDER,exercise,,,"{""intent"": ""CREATE_REMINDER"", ""slot"": ""exercise"", ""confidence"": 1.0, ""model_intent"": ""CREATE_REMINDER"", ""infer_ms"": 14.1, ""audio_ms"": 1700}",True,True,True,,0.0,1,True,0.6097078323364258,14.1,1700.0,s10,True,2,audio/trial_026.wav
27,wake,,68,Filipino (group),Send a message,MESSAGE,Send a message,,MESSAGE,,,,"{""intent"": ""MESSAGE"", ""confidence"": 0.998, ""model_intent"": ""MESSAGE"", ""infer_ms"": 13.9, ""audio_ms"": 1700}",True,True,,,,1,True,0.5320720672607422,13.9,1700.0,202520785,False,3,audio/trial_027.wav
28,wake,,136,Filipino (group),Brightness 100 percent,BRIGHTNESS,Brightness 100 percent,100 percent,BRIGHTNESS,100%,,,"{""intent"": ""BRIGHTNESS"", ""slot"": ""100%"", ""confidence"": 0.893, ""model_intent"": ""BRIGHTNESS"", ""infer_ms"": 20.6, ""audio_ms"": 2300}",True,True,True,0.0,0.0,1,True,0.5262026786804199,20.6,2300.0,202520785,False,1,audio/trial_028.wav
29,wake,,129,Synthetic,Set the temperature to 22 degrees,TEMPERATURE,Set the temperature to 22 degrees,22 degrees,TEMPERATURE,22 degrees,,,"{""intent"": ""TEMPERATURE"", ""slot"": ""22 degrees"", ""confidence"": 1.0, ""model_intent"": ""TEMPERATURE"", ""infer_ms"": 20.6, ""audio_ms"": 2400}",True,True,True,0.0,0.0,1,True,0.578711748123169,20.6,2400.0,s10,True,2,audio/trial_029.wav
30,wake,,82,Filipino (group),Timer 1 minute,TIMER,Timer 1 minute,1 minute,TIMER,1m,,,"{""intent"": ""TIMER"", ""slot"": ""1m"", ""confidence"": 0.998, ""model_intent"": ""TIMER"", ""infer_ms"": 14.1, ""audio_ms"": 1500}",True,True,True,0.0,0.3333333333333333,1,True,0.6756818294525146,14.1,1500.0,202520785,False,3,audio/trial_030.wav
31,no_wake,False,28,Filipino (group),Turn off the lights,LIGHT_OFF,Shut off the lights,,NO_RESPONSE,,,,,,,,,,0,False,,,,202520785,False,0,audio/trial_031.wav
32,wake,,62,Filipino (group),Make a call,CALL,Make a call,,CALL,,,,"{""intent"": ""CALL"", ""confidence"": 0.999, ""model_intent"": ""CALL"", ""infer_ms"": 14.7, ""audio_ms"": 1200}",True,True,,,,1,True,0.34979701042175293,14.7,1200.0,202520785,False,1,audio/trial_032.wav
33,wake,,66,Filipino (group),Message,MESSAGE,Message,,MESSAGE,,,,"{""intent"": ""MESSAGE"", ""confidence"": 0.794, ""model_intent"": ""MESSAGE"", ""infer_ms"": 13.9, ""audio_ms"": 1200}",True,True,,,,1,True,-0.16275286674499512,13.9,1200.0,202520785,False,2,audio/trial_033.wav
34,wake,,176,Filipino (group),Remind me to Study,CREATE_REMINDER,Remind me to Study,Study,CREATE_REMINDER,study,,,"{""intent"": ""CREATE_REMINDER"", ""slot"": ""study"", ""confidence"": 0.991, ""model_intent"": ""CREATE_REMINDER"", ""infer_ms"": 21.6, ""audio_ms"": 1700}",True,True,True,,0.0,1,True,0.5954947471618652,21.6,1700.0,202520785,False,3,audio/trial_034.wav
35,wake,,116,Filipino (group),Temperature 22 degrees,TEMPERATURE,Temperature 22 degrees,22 degrees,TEMPERATURE,18 degrees,,,"{""intent"": ""TEMPERATURE"", ""slot"": ""18 degrees"", ""confidence"": 1.0, ""model_intent"": ""TEMPERATURE"", ""infer_ms"": 15.9, ""audio_ms"": 2400}",True,False,False,4.0,0.5,1,True,0.37885284423828125,15.9,2400.0,202520785,False,1,audio/trial_035.wav
36,wake,,0,Filipino (group),Play a song,PLAY_MUSIC,Play music,,NEXT,,,,"{""intent"": ""NEXT"", ""confidence"": 0.981, ""model_intent"": ""NEXT"", ""infer_ms"": 20.9, ""audio_ms"": 1200}",False,False,,,,1,True,0.4694812297821045,20.9,1200.0,202520785,False,2,audio/trial_036.wav
37,wake,,153,Synthetic,Change color to blue,COLOR,Change color to Blue,Blue,COLOR,blue,,,"{""intent"": ""COLOR"", ""slot"": ""blue"", ""confidence"": 1.0, ""model_intent"": ""COLOR"", ""infer_ms"": 14.5, ""audio_ms"": 1600}",True,True,True,,0.0,1,True,0.5398313999176025,14.5,1600.0,s10,True,3,audio/trial_037.wav
38,wake,,91,Synthetic,Start a timer for 10 seconds,TIMER,Start a timer for 10 seconds,10 seconds,TIMER,10s,,,"{""intent"": ""TIMER"", ""slot"": ""10s"", ""confidence"": 1.0, ""model_intent"": ""TIMER"", ""infer_ms"": 14.0, ""audio_ms"": 2100}",True,True,True,0.0,0.5,1,True,0.6121640205383301,14.0,2100.0,s10,True,1,audio/trial_038.wav
39,wake,,178,Filipino (group),Remind me to Exercise,CREATE_REMINDER,Remind me to Exercise,Exercise,CREATE_REMINDER,exercise,,,"{""intent"": ""CREATE_REMINDER"", ""slot"": ""exercise"", ""confidence"": 0.813, ""model_intent"": ""CREATE_REMINDER"", ""infer_ms"": 14.1, ""audio_ms"": 2000}",True,True,True,,0.0,1,True,0.004683971405029297,14.1,2000.0,202520785,False,2,audio/trial_039.wav
40,wake,,79,Synthetic,Timer 10 seconds,TIMER,Timer 10 seconds,10 seconds,TIMER,10s,,,"{""intent"": ""TIMER"", ""slot"": ""10s"", ""confidence"": 0.994, ""model_intent"": ""TIMER"", ""infer_ms"": 13.8, ""audio_ms"": 1300}",True,True,True,0.0,0.5,1,True,0.6064283847808838,13.8,1300.0,s10,True,3,audio/trial_040.wav
41,wake,,200,Synthetic,Find flights to Cebu.,OUT_OF_SCOPE,,,OUT_OF_SCOPE,,,,"{""intent"": ""OUT_OF_SCOPE"", ""confidence"": 0.396, ""model_intent"": ""LIGHT_OFF"", ""infer_ms"": 14.7, ""audio_ms"": 1600}",True,True,,,,1,True,-0.541466236114502,14.7,1600.0,s100,True,1,audio/trial_041.wav
42,wake,,87,Synthetic,Countdown for 30 seconds,TIMER,Countdown for 30 seconds,30 seconds,TIMER,30s,,,"{""intent"": ""TIMER"", ""slot"": ""30s"", ""confidence"": 1.0, ""model_intent"": ""TIMER"", ""infer_ms"": 14.1, ""audio_ms"": 2200}",True,True,True,0.0,0.4444444444444444,1,True,0.609769344329834,14.1,2200.0,s10,True,2,audio/trial_042.wav
43,wake,,99,Synthetic,Alarm 8 AM,ALARM,Alarm 8:00 AM,8:00 AM,ALARM,8:00 AM,,,"{""intent"": ""ALARM"", ""slot"": ""8:00 AM"", ""confidence"": 1.0, ""model_intent"": ""ALARM"", ""infer_ms"": 14.4, ""audio_ms"": 1900}",True,True,True,0.0,0.0,1,True,0.5591938495635986,14.4,1900.0,s10,True,3,audio/trial_043.wav
44,wake,,132,Filipino (group),Brightness 20 percent,BRIGHTNESS,Brightness 20 percent,20 percent,BRIGHTNESS,20%,,,"{""intent"": ""BRIGHTNESS"", ""slot"": ""20%"", ""confidence"": 0.981, ""model_intent"": ""BRIGHTNESS"", ""infer_ms"": 14.0, ""audio_ms"": 2000}",True,True,True,0.0,0.0,1,True,-0.8409419059753418,14.0,2000.0,202520785,False,1,audio/trial_044.wav
45,wake,,172,Filipino (group),Reminder Exercise,CREATE_REMINDER,Reminder Exercise,Exercise,CREATE_REMINDER,exercise,,,"{""intent"": ""CREATE_REMINDER"", ""slot"": ""exercise"", ""confidence"": 0.992, ""model_intent"": ""CREATE_REMINDER"", ""infer_ms"": 14.3, ""audio_ms"": 1900}",True,True,True,,0.0,1,True,0.6119625568389893,14.3,1900.0,202520785,False,2,audio/trial_045.wav
46,wake,,180,Filipino (group),Create a reminder to Drink water,CREATE_REMINDER,Create a reminder to Drink water,Drink water,CREATE_REMINDER,drink water,,,"{""intent"": ""CREATE_REMINDER"", ""slot"": ""drink water"", ""confidence"": 0.991, ""model_intent"": ""CREATE_REMINDER"", ""infer_ms"": 14.6, ""audio_ms"": 2700}",True,True,True,,0.0,1,True,0.5693819522857666,14.6,2700.0,202520785,False,3,audio/trial_046.wav
47,wake,,162,Filipino (group),Color Red,COLOR,Set color to Red,Red,COLOR,red,,,"{""intent"": ""COLOR"", ""slot"": ""red"", ""confidence"": 0.806, ""model_intent"": ""COLOR"", ""infer_ms"": 14.4, ""audio_ms"": 1200}",True,True,True,,0.0,1,True,-0.544189453125,14.4,1200.0,202520785,False,1,audio/trial_047.wav
48,wake,,15,Synthetic,What time is it?,TIME,What time is it?,,TIME,,,,"{""intent"": ""TIME"", ""confidence"": 1.0, ""model_intent"": ""TIME"", ""infer_ms"": 14.0, ""audio_ms"": 1100}",True,True,,,,1,True,0.5775082111358643,14.0,1100.0,s10,True,2,audio/trial_048.wav
49,wake,,47,Synthetic,Play next song,NEXT,Play next song,,NEXT,,,,"{""intent"": ""NEXT"", ""confidence"": 1.0, ""model_intent"": ""NEXT"", ""infer_ms"": 13.9, ""audio_ms"": 1100}",True,True,,,,1,True,0.5712041854858398,13.9,1100.0,s10,True,3,audio/trial_049.wav
50,wake,,192,Native English,Go get me some juice,OUT_OF_SCOPE,,,TEMPERATURE,18 degrees,,,"{""intent"": ""TEMPERATURE"", ""slot"": ""18 degrees"", ""confidence"": 0.745, ""model_intent"": ""TEMPERATURE"", ""infer_ms"": 14.0, ""audio_ms"": 1500}",False,False,,,,1,True,0.610156774520874,14.0,1500.0,R3mXwwoaX9IoRVKe,False,1,audio/trial_050.wav
51,wake,,163,Synthetic,Set color to red,COLOR,Set color to Red,Red,COLOR,red,,,"{""intent"": ""COLOR"", ""slot"": ""red"", ""confidence"": 1.0, ""model_intent"": ""COLOR"", ""infer_ms"": 14.2, ""audio_ms"": 1800}",True,True,True,,0.0,1,True,0.5298850536346436,14.2,1800.0,s10,True,2,audio/trial_051.wav
52,wake,,52,Filipino (group),Turn the volume up,VOLUME_UP,Turn the volume up,,VOLUME_UP,,,,"{""intent"": ""VOLUME_UP"", ""confidence"": 0.999, ""model_intent"": ""VOLUME_UP"", ""infer_ms"": 13.9, ""audio_ms"": 1500}",True,True,,,,1,True,0.6742861270904541,13.9,1500.0,202520785,False,3,audio/trial_052.wav
53,wake,,118,Filipino (group),Temperature 26 degrees,TEMPERATURE,Temperature 26 degrees,26 degrees,TEMPERATURE,26 degrees,,,"{""intent"": ""TEMPERATURE"", ""slot"": ""26 degrees"", ""confidence"": 1.0, ""model_intent"": ""TEMPERATURE"", ""infer_ms"": 14.8, ""audio_ms"": 2500}",True,True,True,0.0,0.0,1,True,0.5362231731414795,14.8,2500.0,202520785,False,1,audio/trial_053.wav
54,wake,,42,Filipino (group),Next song,NEXT,Next song,,NEXT,,,,"{""intent"": ""NEXT"", ""confidence"": 0.989, ""model_intent"": ""NEXT"", ""infer_ms"": 14.9, ""audio_ms"": 1700}",True,True,,,,1,True,0.47806310653686523,14.9,1700.0,202520785,False,2,audio/trial_054.wav
55,wake,,165,Synthetic,Set color to blue,COLOR,Set color to Blue,Blue,COLOR,blue,,,"{""intent"": ""COLOR"", ""slot"": ""blue"", ""confidence"": 1.0, ""model_intent"": ""COLOR"", ""infer_ms"": 13.8, ""audio_ms"": 1300}",True,True,True,,0.0,1,True,0.627316951751709,13.8,1300.0,s10,True,3,audio/trial_055.wav
56,wake,,196,Synthetic,Open the garage door.,OUT_OF_SCOPE,,,OUT_OF_SCOPE,,,,"{""intent"": ""OUT_OF_SCOPE"", ""confidence"": 0.873, ""model_intent"": ""OUT_OF_SCOPE"", ""infer_ms"": 13.9, ""audio_ms"": 1600}",True,True,,,,1,True,0.5922484397888184,13.9,1600.0,s10,True,1,audio/trial_056.wav
57,wake,,36,Filipino (group),Stop music,STOP,Stop,,STOP,,,,"{""intent"": ""STOP"", ""confidence"": 0.947, ""model_intent"": ""STOP"", ""infer_ms"": 14.0, ""audio_ms"": 1300}",True,True,,,,1,True,-0.8375585079193115,14.0,1300.0,202520785,False,2,audio/trial_057.wav
58,wake,,49,Synthetic,Volume up,VOLUME_UP,Volume up,,VOLUME_UP,,,,"{""intent"": ""VOLUME_UP"", ""confidence"": 1.0, ""model_intent"": ""VOLUME_UP"", ""infer_ms"": 20.1, ""audio_ms"": 1100}",True,True,,,,1,True,0.5408844947814941,20.1,1100.0,s10,True,3,audio/trial_058.wav
59,wake,,98,Filipino (group),Alarm 8:00 AM,ALARM,Alarm 8:00 AM,8:00 AM,ALARM,8:00 AM,,,"{""intent"": ""ALARM"", ""slot"": ""8:00 AM"", ""confidence"": 1.0, ""model_intent"": ""ALARM"", ""infer_ms"": 14.2, ""audio_ms"": 1600}",True,True,True,0.0,0.0,1,True,0.5297586917877197,14.2,1600.0,202520785,False,1,audio/trial_059.wav
60,wake,,160,Synthetic,Switch color to green,COLOR,Switch color to Green,Green,COLOR,green,,,"{""intent"": ""COLOR"", ""slot"": ""green"", ""confidence"": 1.0, ""model_intent"": ""COLOR"", ""infer_ms"": 14.1, ""audio_ms"": 1700}",True,True,True,,0.0,1,True,0.6149065494537354,14.1,1700.0,s10,True,2,audio/trial_060.wav
61,wake,,144,Synthetic,Brightness level 20 percent,BRIGHTNESS,Brightness level 20 percent,20 percent,BRIGHTNESS,20%,,,"{""intent"": ""BRIGHTNESS"", ""slot"": ""20%"", ""confidence"": 1.0, ""model_intent"": ""BRIGHTNESS"", ""infer_ms"": 14.8, ""audio_ms"": 2100}",True,True,True,0.0,0.0,1,True,0.6329078674316406,14.8,2100.0,s10,True,3,audio/trial_061.wav
62,wake,,30,Filipino (group),Pause,PAUSE,Pause,,PAUSE,,,,"{""intent"": ""PAUSE"", ""confidence"": 0.955, ""model_intent"": ""PAUSE"", ""infer_ms"": 14.0, ""audio_ms"": 900}",True,True,,,,1,True,0.6253728866577148,14.0,900.0,202520785,False,1,audio/trial_062.wav
63,wake,,185,Synthetic,Create a reminder to exercise,CREATE_REMINDER,Create a reminder to Exercise,Exercise,CREATE_REMINDER,exercise,,,"{""intent"": ""CREATE_REMINDER"", ""slot"": ""exercise"", ""confidence"": 1.0, ""model_intent"": ""CREATE_REMINDER"", ""infer_ms"": 20.5, ""audio_ms"": 2500}",True,True,True,,0.0,1,True,0.5674495697021484,20.5,2500.0,s10,True,2,audio/trial_063.wav
64,wake,,100,Synthetic,Alarm 9 PM,ALARM,Alarm 9:00 PM,9:00 PM,ALARM,9:00 PM,,,"{""intent"": ""ALARM"", ""slot"": ""9:00 PM"", ""confidence"": 0.998, ""model_intent"": ""ALARM"", ""infer_ms"": 14.3, ""audio_ms"": 2000}",True,True,True,0.0,0.0,1,True,0.21683001518249512,14.3,2000.0,s10,True,3,audio/trial_064.wav
65,wake,,164,Filipino (group),Color Blue,COLOR,Set color to Blue,Blue,OUT_OF_SCOPE,,,,"{""intent"": ""OUT_OF_SCOPE"", ""confidence"": 0.524, ""model_intent"": ""CALL"", ""infer_ms"": 14.4, ""audio_ms"": 1000}",False,False,,,,1,True,0.5510909557342529,14.4,1000.0,202520785,False,1,audio/trial_065.wav
66,wake,,95,Synthetic,Start a timer for 1 minute,TIMER,Start a timer for 1 minute,1 minute,TIMER,1m,,,"{""intent"": ""TIMER"", ""slot"": ""1m"", ""confidence"": 1.0, ""model_intent"": ""TIMER"", ""infer_ms"": 14.1, ""audio_ms"": 1700}",True,True,True,0.0,0.3333333333333333,1,True,0.4594993591308594,14.1,1700.0,s10,True,2,audio/trial_066.wav
67,wake,,194,Native English,Bring some juice,OUT_OF_SCOPE,,,OUT_OF_SCOPE,,,,"{""intent"": ""OUT_OF_SCOPE"", ""confidence"": 0.597, ""model_intent"": ""PLAY_MUSIC"", ""infer_ms"": 14.2, ""audio_ms"": 1300}",True,True,,,,1,True,0.5626211166381836,14.2,1300.0,R3mXwwoaX9IoRVKe,False,3,audio/trial_067.wav
68,no_wake,False,159,Synthetic,Switch color to blue,COLOR,Switch color to Blue,Blue,NO_RESPONSE,,,,,,,,,,0,False,,,,s100,True,0,audio/trial_068.wav
69,wake,,131,Synthetic,Set the temperature to 26 degrees,TEMPERATURE,Set the temperature to 26 degrees,26 degrees,TEMPERATURE,26 degrees,,,"{""intent"": ""TEMPERATURE"", ""slot"": ""26 degrees"", ""confidence"": 1.0, ""model_intent"": ""TEMPERATURE"", ""infer_ms"": 20.5, ""audio_ms"": 2500}",True,True,True,0.0,0.0,1,True,0.6086771488189697,20.5,2500.0,s10,True,1,audio/trial_069.wav
70,wake,,170,Filipino (group),Reminder Study,CREATE_REMINDER,Reminder Study,Study,CREATE_REMINDER,study,,,"{""intent"": ""CREATE_REMINDER"", ""slot"": ""study"", ""confidence"": 0.989, ""model_intent"": ""CREATE_REMINDER"", ""infer_ms"": 14.7, ""audio_ms"": 1600}",True,True,True,,0.0,1,True,0.5222587585449219,14.7,1600.0,202520785,False,2,audio/trial_070.wav
71,wake,,175,Synthetic,Remind me to drink water,CREATE_REMINDER,Remind me to Drink water,Drink water,CREATE_REMINDER,drink water,,,"{""intent"": ""CREATE_REMINDER"", ""slot"": ""drink water"", ""confidence"": 0.999, ""model_intent"": ""CREATE_REMINDER"", ""infer_ms"": 14.2, ""audio_ms"": 1800}",True,True,True,,0.0,1,True,0.6026136875152588,14.2,1800.0,s10,True,3,audio/trial_071.wav
72,wake,,77,Synthetic,List my reminders,LIST_REMINDERS,List my reminders,,LIST_REMINDERS,,,,"{""intent"": ""LIST_REMINDERS"", ""confidence"": 1.0, ""model_intent"": ""LIST_REMINDERS"", ""infer_ms"": 14.2, ""audio_ms"": 1600}",True,True,,,,1,True,0.627051830291748,14.2,1600.0,s10,True,1,audio/trial_072.wav
73,wake,,56,Filipino (group),Lower the volume,VOLUME_DOWN,Lower the volume,,VOLUME_DOWN,,,,"{""intent"": ""VOLUME_DOWN"", ""confidence"": 0.904, ""model_intent"": ""VOLUME_DOWN"", ""infer_ms"": 18.3, ""audio_ms"": 1800}",True,True,,,,1,True,0.16640162467956543,18.3,1800.0,202520785,False,2,audio/trial_073.wav
74,wake,,123,Synthetic,Change the temperature to 22 degrees,TEMPERATURE,Change the temperature to 22 degrees,22 degrees,TEMPERATURE,22 degrees,,,"{""intent"": ""TEMPERATURE"", ""slot"": ""22 degrees"", ""confidence"": 1.0, ""model_intent"": ""TEMPERATURE"", ""infer_ms"": 15.7, ""audio_ms"": 2600}",True,True,True,0.0,0.0,1,True,0.6842536926269531,15.7,2600.0,s10,True,3,audio/trial_074.wav
75,no_wake,False,92,Filipino (group),Start a timer for 30 seconds,TIMER,Start a timer for 30 seconds,30 seconds,NO_RESPONSE,,,,,,,,,,0,False,,,,202520785,False,0,audio/trial_075.wav
76,wake,,101,Synthetic,Alarm 9 PM,ALARM,Alarm 9:00 PM,9:00 PM,ALARM,9:00 PM,,,"{""intent"": ""ALARM"", ""slot"": ""9:00 PM"", ""confidence"": 0.964, ""model_intent"": ""ALARM"", ""infer_ms"": 14.1, ""audio_ms"": 2600}",True,True,True,0.0,0.0,1,True,0.47927236557006836,14.1,2600.0,s100,True,1,audio/trial_076.wav
77,wake,,113,Synthetic,Set an alarm for 9 PM,ALARM,Set an alarm for 9:00 PM,9:00 PM,ALARM,9:00 PM,,,"{""intent"": ""ALARM"", ""slot"": ""9:00 PM"", ""confidence"": 1.0, ""model_intent"": ""ALARM"", ""infer_ms"": 14.5, ""audio_ms"": 1900}",True,True,True,0.0,0.0,1,True,0.5576541423797607,14.5,1900.0,s10,True,2,audio/trial_077.wav
78,wake,,18,Filipino (group),Lights on,LIGHT_ON,Lights on,,OUT_OF_SCOPE,,,,"{""intent"": ""OUT_OF_SCOPE"", ""confidence"": 0.985, ""model_intent"": ""OUT_OF_SCOPE"", ""infer_ms"": 20.1, ""audio_ms"": 600}",False,False,,,,1,True,-1.213472843170166,20.1,600.0,202520785,False,3,audio/trial_078.wav
79,no_wake,False,60,Filipino (group),Call,CALL,Call,,NO_RESPONSE,,,,,,,,,,0,False,,,,202520785,False,0,audio/trial_079.wav
80,wake,,151,Synthetic,Change color to red,COLOR,Change color to Red,Red,COLOR,red,,,"{""intent"": ""COLOR"", ""slot"": ""red"", ""confidence"": 1.0, ""model_intent"": ""COLOR"", ""infer_ms"": 14.4, ""audio_ms"": 1600}",True,True,True,,0.0,1,True,0.591395378112793,14.4,1600.0,s10,True,1,audio/trial_080.wav
81,no_wake,False,71,Synthetic,Send my message,MESSAGE,Send my message,,NO_RESPONSE,,,,,,,,,,0,False,,,,s10,True,0,audio/trial_081.wav
82,no_wake,False,40,Native English,Turn off the music,STOP,End playback,,NO_RESPONSE,,,,,,,,,,0,False,,,,R3mXwwoaX9IoRVKe,False,0,audio/trial_082.wav
83,wake,,114,Filipino (group),Temperature 18 degrees,TEMPERATURE,Temperature 18 degrees,18 degrees,TEMPERATURE,18 degrees,,,"{""intent"": ""TEMPERATURE"", ""slot"": ""18 degrees"", ""confidence"": 1.0, ""model_intent"": ""TEMPERATURE"", ""infer_ms"": 21.4, ""audio_ms"": 2300}",True,True,True,0.0,0.0,1,True,0.6447477340698242,21.4,2300.0,202520785,False,2,audio/trial_083.wav
84,wake,,167,Synthetic,Set color to green,COLOR,Set color to Green,Green,COLOR,green,,,"{""intent"": ""COLOR"", ""slot"": ""green"", ""confidence"": 1.0, ""model_intent"": ""COLOR"", ""infer_ms"": 14.1, ""audio_ms"": 1500}",True,True,True,,0.0,1,True,0.5977206230163574,14.1,1500.0,s10,True,3,audio/trial_084.wav
85,wake,,157,Synthetic,Switch color to red,COLOR,Switch color to Red,Red,COLOR,red,,,"{""intent"": ""COLOR"", ""slot"": ""red"", ""confidence"": 0.998, ""model_intent"": ""COLOR"", ""infer_ms"": 20.9, ""audio_ms"": 1600}",True,True,True,,0.0,1,True,0.6241705417633057,20.9,1600.0,s100,True,1,audio/trial_085.wav
86,wake,,85,Synthetic,Countdown for 10 seconds,TIMER,Countdown for 10 seconds,10 seconds,TIMER,10s,,,"{""intent"": ""TIMER"", ""slot"": ""10s"", ""confidence"": 1.0, ""model_intent"": ""TIMER"", ""infer_ms"": 14.5, ""audio_ms"": 1900}",True,True,True,0.0,0.5,1,True,0.5863323211669922,14.5,1900.0,s10,True,2,audio/trial_086.wav
87,wake,,1,Synthetic,Play music,PLAY_MUSIC,Play music,,PLAY_MUSIC,,,,"{""intent"": ""PLAY_MUSIC"", ""confidence"": 0.993, ""model_intent"": ""PLAY_MUSIC"", ""infer_ms"": 13.8, ""audio_ms"": 1200}",True,True,,,,1,True,0.5296754837036133,13.8,1200.0,s10,True,3,audio/trial_087.wav
88,wake,,76,Filipino (group),List my reminders,LIST_REMINDERS,List my reminders,,LIST_REMINDERS,,,,"{""intent"": ""LIST_REMINDERS"", ""confidence"": 0.999, ""model_intent"": ""LIST_REMINDERS"", ""infer_ms"": 14.2, ""audio_ms"": 2000}",True,True,,,,1,True,0.6513209342956543,14.2,2000.0,202520785,False,1,audio/trial_088.wav
89,wake,,8,Filipino (group),What's the weather?,WEATHER,What's the weather?,,WEATHER,,,,"{""intent"": ""WEATHER"", ""confidence"": 0.989, ""model_intent"": ""WEATHER"", ""infer_ms"": 14.5, ""audio_ms"": 1400}",True,True,,,,1,True,0.5301780700683594,14.5,1400.0,202520785,False,2,audio/trial_089.wav
90,wake,,11,Synthetic,Tell me the weather,WEATHER,Tell me the weather,,WEATHER,,,,"{""intent"": ""WEATHER"", ""confidence"": 1.0, ""model_intent"": ""WEATHER"", ""infer_ms"": 13.8, ""audio_ms"": 1200}",True,True,,,,1,True,0.5411629676818848,13.8,1200.0,s10,True,3,audio/trial_090.wav
91,wake,,168,Filipino (group),Reminder Drink water,CREATE_REMINDER,Reminder Drink water,Drink water,CREATE_REMINDER,drink water,,,"{""intent"": ""CREATE_REMINDER"", ""slot"": ""drink water"", ""confidence"": 0.852, ""model_intent"": ""CREATE_REMINDER"", ""infer_ms"": 14.0, ""audio_ms"": 2100}",True,True,True,,0.0,1,True,-0.5260670185089111,14.0,2100.0,202520785,False,1,audio/trial_091.wav
92,wake,,67,Synthetic,Message,MESSAGE,Message,,MESSAGE,,,,"{""intent"": ""MESSAGE"", ""confidence"": 1.0, ""model_intent"": ""MESSAGE"", ""infer_ms"": 14.1, ""audio_ms"": 1000}",True,True,,,,1,True,0.6419811248779297,14.1,1000.0,s10,True,2,audio/trial_092.wav
93,wake,,92,Filipino (group),Start a timer for 30 seconds,TIMER,Start a timer for 30 seconds,30 seconds,TIMER,30s,,,"{""intent"": ""TIMER"", ""slot"": ""30s"", ""confidence"": 0.999, ""model_intent"": ""TIMER"", ""infer_ms"": 14.2, ""audio_ms"": 2800}",True,True,True,0.0,0.4444444444444444,1,True,0.6315066814422607,14.2,2800.0,202520785,False,3,audio/trial_093.wav
94,wake,,117,Synthetic,Temperature 22 degrees,TEMPERATURE,Temperature 22 degrees,22 degrees,TEMPERATURE,22 degrees,,,"{""intent"": ""TEMPERATURE"", ""slot"": ""22 degrees"", ""confidence"": 1.0, ""model_intent"": ""TEMPERATURE"", ""infer_ms"": 14.2, ""audio_ms"": 2300}",True,True,True,0.0,0.0,1,True,0.6175014972686768,14.2,2300.0,s10,True,1,audio/trial_094.wav
95,wake,,174,Filipino (group),Remind me to Drink water,CREATE_REMINDER,Remind me to Drink water,Drink water,CREATE_REMINDER,drink water,,,"{""intent"": ""CREATE_REMINDER"", ""slot"": ""drink water"", ""confidence"": 0.958, ""model_intent"": ""CREATE_REMINDER"", ""infer_ms"": 14.1, ""audio_ms"": 2200}",True,True,True,,0.0,1,True,0.5934197902679443,14.1,2200.0,202520785,False,2,audio/trial_095.wav
96,wake,,111,Synthetic,Set an alarm for 8 AM,ALARM,Set an alarm for 8:00 AM,8:00 AM,OUT_OF_SCOPE,,,,"{""intent"": ""OUT_OF_SCOPE"", ""confidence"": 0.973, ""model_intent"": ""OUT_OF_SCOPE"", ""infer_ms"": 13.8, ""audio_ms"": 600}",False,False,,,,1,True,-2.2266058921813965,13.8,600.0,s10,True,3,audio/trial_096.wav
97,wake,,78,Filipino (group),Timer 10 seconds,TIMER,Timer 10 seconds,10 seconds,TIMER,10s,,,"{""intent"": ""TIMER"", ""slot"": ""10s"", ""confidence"": 0.996, ""model_intent"": ""TIMER"", ""infer_ms"": 14.9, ""audio_ms"": 2200}",True,True,True,0.0,0.5,1,True,0.649836540222168,14.9,2200.0,202520785,False,1,audio/trial_097.wav
98,wake,,9,Synthetic,What's the weather?,WEATHER,What's the weather?,,WEATHER,,,,"{""intent"": ""WEATHER"", ""confidence"": 1.0, ""model_intent"": ""WEATHER"", ""infer_ms"": 13.8, ""audio_ms"": 1100}",True,True,,,,1,True,0.5361998081207275,13.8,1100.0,s10,True,2,audio/trial_098.wav
99,wake,,34,Filipino (group),Pause this song,PAUSE,Pause song,,PAUSE,,,,"{""intent"": ""PAUSE"", ""confidence"": 0.954, ""model_intent"": ""PAUSE"", ""infer_ms"": 14.0, ""audio_ms"": 1400}",True,True,,,,1,True,0.52193284034729,14.0,1400.0,202520785,False,3,audio/trial_099.wav
100,wake,,25,Synthetic,Lights out,LIGHT_OFF,Lights out,,LIGHT_OFF,,,,"{""intent"": ""LIGHT_OFF"", ""confidence"": 0.998, ""model_intent"": ""LIGHT_OFF"", ""infer_ms"": 13.8, ""audio_ms"": 1100}",True,True,,,,1,True,0.5859603881835938,13.8,1100.0,s10,True,1,audio/trial_100.wav
101,wake,,28,Filipino (group),Turn off the lights,LIGHT_OFF,Shut off the lights,,LIGHT_ON,,,,"{""intent"": ""LIGHT_ON"", ""confidence"": 0.773, ""model_intent"": ""LIGHT_ON"", ""infer_ms"": 13.9, ""audio_ms"": 1600}",False,False,,,,1,True,0.17220711708068848,13.9,1600.0,202520785,False,2,audio/trial_101.wav
102,wake,,105,Synthetic,Wake me up at 8 AM,ALARM,Wake me up at 8:00 AM,8:00 AM,OUT_OF_SCOPE,,,,"{""intent"": ""OUT_OF_SCOPE"", ""confidence"": 0.971, ""model_intent"": ""OUT_OF_SCOPE"", ""infer_ms"": 14.4, ""audio_ms"": 600}",False,False,,,,1,True,-1.7399563789367676,14.4,600.0,s10,True,3,audio/trial_102.wav
103,wake,,109,Synthetic,Set an alarm for 6 AM,ALARM,Set an alarm for 6:00 AM,6:00 AM,ALARM,6:00 AM,,,"{""intent"": ""ALARM"", ""slot"": ""6:00 AM"", ""confidence"": 1.0, ""model_intent"": ""ALARM"", ""infer_ms"": 14.5, ""audio_ms"": 2000}",True,True,True,0.0,0.0,1,True,0.5850880146026611,14.5,2000.0,s10,True,1,audio/trial_103.wav
104,no_wake,False,72,Filipino (group),Reminders,LIST_REMINDERS,Reminders,,NO_RESPONSE,,,,,,,,,,0,False,,,,202520785,False,0,audio/trial_104.wav
105,wake,,35,Synthetic,Pause song,PAUSE,Pause song,,PAUSE,,,,"{""intent"": ""PAUSE"", ""confidence"": 1.0, ""model_intent"": ""PAUSE"", ""infer_ms"": 13.8, ""audio_ms"": 1200}",True,True,,,,1,True,0.5382823944091797,13.8,1200.0,s10,True,2,audio/trial_105.wav
106,wake,,154,Filipino (group),Change the lights to Green,COLOR,Change color to Green,Green,OUT_OF_SCOPE,,,,"{""intent"": ""OUT_OF_SCOPE"", ""confidence"": 0.937, ""model_intent"": ""OUT_OF_SCOPE"", ""infer_ms"": 20.7, ""audio_ms"": 1000}",False,False,,,,1,True,-1.7656433582305908,20.7,1000.0,202520785,False,3,audio/trial_106.wav
107,wake,,161,Synthetic,Switch color to green,COLOR,Switch color to Green,Green,COLOR,green,,,"{""intent"": ""COLOR"", ""slot"": ""green"", ""confidence"": 1.0, ""model_intent"": ""COLOR"", ""infer_ms"": 14.1, ""audio_ms"": 1800}",True,True,True,,0.0,1,True,0.5796160697937012,14.1,1800.0,s100,True,1,audio/trial_107.wav
108,wake,,81,Synthetic,Timer 30 seconds,TIMER,Timer 30 seconds,30 seconds,TIMER,30s,,,"{""intent"": ""TIMER"", ""slot"": ""30s"", ""confidence"": 1.0, ""model_intent"": ""TIMER"", ""infer_ms"": 14.1, ""audio_ms"": 2200}",True,True,True,0.0,0.4444444444444444,1,True,0.6093511581420898,14.1,2200.0,s10,True,2,audio/trial_108.wav
109,wake,,33,Synthetic,Pause audio,PAUSE,Pause audio,,PAUSE,,,,"{""intent"": ""PAUSE"", ""confidence"": 0.992, ""model_intent"": ""PAUSE"", ""infer_ms"": 19.9, ""audio_ms"": 1400}",True,True,,,,1,True,0.6437911987304688,19.9,1400.0,s10,True,3,audio/trial_109.wav
110,wake,,184,Filipino (group),Create a reminder to Exercise,CREATE_REMINDER,Create a reminder to Exercise,Exercise,OUT_OF_SCOPE,,,,"{""intent"": ""OUT_OF_SCOPE"", ""confidence"": 0.556, ""model_intent"": ""TEMPERATURE"", ""infer_ms"": 14.3, ""audio_ms"": 2400}",False,False,,,,1,True,0.6154699325561523,14.3,2400.0,202520785,False,1,audio/trial_110.wav
111,wake,,90,Filipino (group),Start a timer for 10 seconds,TIMER,Start a timer for 10 seconds,10 seconds,TIMER,10s,,,"{""intent"": ""TIMER"", ""slot"": ""10s"", ""confidence"": 0.999, ""model_intent"": ""TIMER"", ""infer_ms"": 14.8, ""audio_ms"": 2900}",True,True,True,0.0,0.5,1,True,0.6426820755004883,14.8,2900.0,202520785,False,2,audio/trial_111.wav
112,wake,,198,Synthetic,Book a table for two tonight.,OUT_OF_SCOPE,,,OUT_OF_SCOPE,,,,"{""intent"": ""OUT_OF_SCOPE"", ""confidence"": 0.882, ""model_intent"": ""OUT_OF_SCOPE"", ""infer_ms"": 14.0, ""audio_ms"": 2300}",True,True,,,,1,True,0.6896004676818848,14.0,2300.0,s10,True,3,audio/trial_112.wav
113,wake,,188,Filipino (open-source),Then they scrambled round the rocks to the other side of the house.,OUT_OF_SCOPE,,,OUT_OF_SCOPE,,,,"{""intent"": ""OUT_OF_SCOPE"", ""confidence"": 0.9, ""model_intent"": ""OUT_OF_SCOPE"", ""infer_ms"": 14.8, ""audio_ms"": 3900}",True,True,,,,1,True,0.5683207511901855,14.8,3900.0,0365b018a15ab96510f1368f4910554f97f6c278320e780c89e4989e9fdef0e557feb655cc9a89282ab0b8effbf5c920cf83193d6e0536e03d2ea84c6dca7559,False,1,audio/trial_113.wav
114,wake,,187,Filipino (open-source),Then they scrambled round the rocks to the other side of the house.,OUT_OF_SCOPE,,,OUT_OF_SCOPE,,,,"{""intent"": ""OUT_OF_SCOPE"", ""confidence"": 0.897, ""model_intent"": ""OUT_OF_SCOPE"", ""infer_ms"": 20.2, ""audio_ms"": 4000}",True,True,,,,1,True,0.6548736095428467,20.2,4000.0,0365b018a15ab96510f1368f4910554f97f6c278320e780c89e4989e9fdef0e557feb655cc9a89282ab0b8effbf5c920cf83193d6e0536e03d2ea84c6dca7559,False,2,audio/trial_114.wav
115,wake,,39,Synthetic,Stop playing,STOP,Stop playing,,STOP,,,,"{""intent"": ""STOP"", ""confidence"": 1.0, ""model_intent"": ""STOP"", ""infer_ms"": 14.2, ""audio_ms"": 1200}",True,True,,,,1,True,0.643162727355957,14.2,1200.0,s10,True,3,audio/trial_115.wav
116,wake,,59,Synthetic,Turn the volume down,VOLUME_DOWN,Turn the volume down,,VOLUME_DOWN,,,,"{""intent"": ""VOLUME_DOWN"", ""confidence"": 1.0, ""model_intent"": ""VOLUME_DOWN"", ""infer_ms"": 21.7, ""audio_ms"": 1500}",True,True,,,,1,True,0.5994369983673096,21.7,1500.0,s10,True,1,audio/trial_116.wav
117,wake,,19,Synthetic,Lights on,LIGHT_ON,Lights on,,LIGHT_ON,,,,"{""intent"": ""LIGHT_ON"", ""confidence"": 1.0, ""model_intent"": ""LIGHT_ON"", ""infer_ms"": 13.8, ""audio_ms"": 1100}",True,True,,,,1,True,0.5786664485931396,13.8,1100.0,s10,True,2,audio/trial_117.wav
118,wake,,65,Synthetic,Make a phone call,CALL,Make a phone call,,CALL,,,,"{""intent"": ""CALL"", ""confidence"": 1.0, ""model_intent"": ""CALL"", ""infer_ms"": 14.4, ""audio_ms"": 1400}",True,True,,,,1,True,0.6116330623626709,14.4,1400.0,s10,True,3,audio/trial_118.wav
119,wake,,195,Native English,More heat,OUT_OF_SCOPE,,,OUT_OF_SCOPE,,,,"{""intent"": ""OUT_OF_SCOPE"", ""confidence"": 0.999, ""model_intent"": ""OUT_OF_SCOPE"", ""infer_ms"": 13.9, ""audio_ms"": 1000}",True,True,,,,1,True,0.024518728256225586,13.9,1000.0,R3mXwwoaX9IoRVKe,False,1,audio/trial_119.wav
120,wake,,54,Filipino (group),Volume down,VOLUME_DOWN,Volume down,,VOLUME_DOWN,,,,"{""intent"": ""VOLUME_DOWN"", ""confidence"": 0.994, ""model_intent"": ""VOLUME_DOWN"", ""infer_ms"": 14.3, ""audio_ms"": 1600}",True,True,,,,1,True,0.6658139228820801,14.3,1600.0,202520785,False,2,audio/trial_120.wav
121,wake,,183,Synthetic,Create a reminder to study,CREATE_REMINDER,Create a reminder to Study,Study,CREATE_REMINDER,study,,,"{""intent"": ""CREATE_REMINDER"", ""slot"": ""study"", ""confidence"": 1.0, ""model_intent"": ""CREATE_REMINDER"", ""infer_ms"": 20.9, ""audio_ms"": 2100}",True,True,True,,0.0,1,True,0.6358354091644287,20.9,2100.0,s10,True,3,audio/trial_121.wav
122,wake,,159,Synthetic,Switch color to blue,COLOR,Switch color to Blue,Blue,COLOR,blue,,,"{""intent"": ""COLOR"", ""slot"": ""blue"", ""confidence"": 0.994, ""model_intent"": ""COLOR"", ""infer_ms"": 21.4, ""audio_ms"": 2100}",True,True,True,,0.0,1,True,0.724219560623169,21.4,2100.0,s100,True,1,audio/trial_122.wav
123,wake,,199,Synthetic,Start the washing machine.,OUT_OF_SCOPE,,,LIGHT_OFF,,,,"{""intent"": ""LIGHT_OFF"", ""confidence"": 0.985, ""model_intent"": ""LIGHT_OFF"", ""infer_ms"": 19.7, ""audio_ms"": 1300}",False,False,,,,1,True,0.6227431297302246,19.7,1300.0,s100,True,2,audio/trial_123.wav
124,wake,,169,Synthetic,Reminder drink water,CREATE_REMINDER,Reminder Drink water,Drink water,CREATE_REMINDER,drink water,,,"{""intent"": ""CREATE_REMINDER"", ""slot"": ""drink water"", ""confidence"": 0.997, ""model_intent"": ""CREATE_REMINDER"", ""infer_ms"": 14.4, ""audio_ms"": 1900}",True,True,True,,0.0,1,True,0.6473419666290283,14.4,1900.0,s10,True,3,audio/trial_124.wav
125,wake,,146,Synthetic,Brightness level 60 percent,BRIGHTNESS,Brightness level 60 percent,60 percent,BRIGHTNESS,60%,,,"{""intent"": ""BRIGHTNESS"", ""slot"": ""60%"", ""confidence"": 1.0, ""model_intent"": ""BRIGHTNESS"", ""infer_ms"": 14.6, ""audio_ms"": 2200}",True,True,True,0.0,0.0,1,True,0.6173279285430908,14.6,2200.0,s10,True,1,audio/trial_125.wav
126,wake,,41,Synthetic,End playback,STOP,End playback,,STOP,,,,"{""intent"": ""STOP"", ""confidence"": 0.744, ""model_intent"": ""STOP"", ""infer_ms"": 14.4, ""audio_ms"": 1700}",True,True,,,,1,True,0.6171941757202148,14.4,1700.0,s10,True,2,audio/trial_126.wav
127,no_wake,False,174,Filipino (group),Remind me to Drink water,CREATE_REMINDER,Remind me to Drink water,Drink water,NO_RESPONSE,,,,,,,,,,0,False,,,,202520785,False,0,audio/trial_127.wav
128,wake,,120,Filipino (group),Change the temperature to 18 degrees,TEMPERATURE,Change the temperature to 18 degrees,18 degrees,TEMPERATURE,18 degrees,,,"{""intent"": ""TEMPERATURE"", ""slot"": ""18 degrees"", ""confidence"": 1.0, ""model_intent"": ""TEMPERATURE"", ""infer_ms"": 14.9, ""audio_ms"": 2900}",True,True,True,0.0,0.0,1,True,-0.20010590553283691,14.9,2900.0,202520785,False,3,audio/trial_128.wav
129,wake,,86,Filipino (group),Countdown for 30 seconds,TIMER,Countdown for 30 seconds,30 seconds,TIMER,30s,,,"{""intent"": ""TIMER"", ""slot"": ""30s"", ""confidence"": 0.999, ""model_intent"": ""TIMER"", ""infer_ms"": 14.9, ""audio_ms"": 2400}",True,True,True,0.0,0.4444444444444444,1,True,0.6185421943664551,14.9,2400.0,202520785,False,1,audio/trial_129.wav
130,wake,,10,Filipino (group),Tell me the weather,WEATHER,Tell me the weather,,WEATHER,,,,"{""intent"": ""WEATHER"", ""confidence"": 0.96, ""model_intent"": ""WEATHER"", ""infer_ms"": 20.8, ""audio_ms"": 1500}",True,True,,,,1,True,0.6475265026092529,20.8,1500.0,202520785,False,2,audio/trial_130.wav
131,wake,,57,Synthetic,Lower the volume,VOLUME_DOWN,Lower the volume,,VOLUME_DOWN,,,,"{""intent"": ""VOLUME_DOWN"", ""confidence"": 0.999, ""model_intent"": ""VOLUME_DOWN"", ""infer_ms"": 14.3, ""audio_ms"": 1300}",True,True,,,,1,True,0.5612375736236572,14.3,1300.0,s10,True,3,audio/trial_131.wav
132,wake,,128,Filipino (group),Set the temperature to 22 degrees,TEMPERATURE,Set the temperature to 22 degrees,22 degrees,TEMPERATURE,22 degrees,,,"{""intent"": ""TEMPERATURE"", ""slot"": ""22 degrees"", ""confidence"": 1.0, ""model_intent"": ""TEMPERATURE"", ""infer_ms"": 14.3, ""audio_ms"": 2900}",True,True,True,0.0,0.0,1,True,-0.19086623191833496,14.3,2900.0,202520785,False,1,audio/trial_132.wav
133,no_wake,False,123,Synthetic,Change the temperature to 22 degrees,TEMPERATURE,Change the temperature to 22 degrees,22 degrees,NO_RESPONSE,,,,,,,,,,0,False,,,,s10,True,0,audio/trial_133.wav
134,wake,,171,Synthetic,Reminder study,CREATE_REMINDER,Reminder Study,Study,CREATE_REMINDER,study,,,"{""intent"": ""CREATE_REMINDER"", ""slot"": ""study"", ""confidence"": 0.999, ""model_intent"": ""CREATE_REMINDER"", ""infer_ms"": 14.2, ""audio_ms"": 1300}",True,True,True,,0.0,1,True,0.6997079849243164,14.2,1300.0,s10,True,2,audio/trial_134.wav
135,wake,,6,Filipino (group),Weather,WEATHER,Weather,,WEATHER,,,,"{""intent"": ""WEATHER"", ""confidence"": 0.968, ""model_intent"": ""WEATHER"", ""infer_ms"": 14.4, ""audio_ms"": 1000}",True,True,,,,1,True,0.5520000457763672,14.4,1000.0,202520785,False,3,audio/trial_135.wav
136,wake,,158,Synthetic,Switch color to blue,COLOR,Switch color to Blue,Blue,COLOR,blue,,,"{""intent"": ""COLOR"", ""slot"": ""blue"", ""confidence"": 1.0, ""model_intent"": ""COLOR"", ""infer_ms"": 20.8, ""audio_ms"": 1600}",True,True,True,,0.0,1,True,0.6124300956726074,20.8,1600.0,s10,True,1,audio/trial_136.wav
137,wake,,71,Synthetic,Send my message,MESSAGE,Send my message,,MESSAGE,,,,"{""intent"": ""MESSAGE"", ""confidence"": 1.0, ""model_intent"": ""MESSAGE"", ""infer_ms"": 14.1, ""audio_ms"": 1300}",True,True,,,,1,True,0.5536541938781738,14.1,1300.0,s10,True,2,audio/trial_137.wav
138,wake,,46,Filipino (group),Play next song,NEXT,Play next song,,NEXT,,,,"{""intent"": ""NEXT"", ""confidence"": 0.999, ""model_intent"": ""NEXT"", ""infer_ms"": 17.7, ""audio_ms"": 1400}",True,True,,,,1,True,0.5895798206329346,17.7,1400.0,202520785,False,3,audio/trial_138.wav
139,wake,,104,Filipino (group),Wake me up at 8:00 AM,ALARM,Wake me up at 8:00 AM,8:00 AM,ALARM,8:00 AM,,,"{""intent"": ""ALARM"", ""slot"": ""8:00 AM"", ""confidence"": 0.983, ""model_intent"": ""ALARM"", ""infer_ms"": 14.8, ""audio_ms"": 2600}",True,True,True,0.0,0.0,1,True,-0.10300540924072266,14.8,2600.0,202520785,False,1,audio/trial_139.wav
140,wake,,110,Filipino (group),Set an alarm for 8:00 AM,ALARM,Set an alarm for 8:00 AM,8:00 AM,ALARM,8:00 AM,,,"{""intent"": ""ALARM"", ""slot"": ""8:00 AM"", ""confidence"": 0.998, ""model_intent"": ""ALARM"", ""infer_ms"": 14.6, ""audio_ms"": 2300}",True,True,True,0.0,0.0,1,True,0.5733470916748047,14.6,2300.0,202520785,False,2,audio/trial_140.wav
141,wake,,32,Filipino (group),Pause the music,PAUSE,Pause audio,,PAUSE,,,,"{""intent"": ""PAUSE"", ""confidence"": 0.997, ""model_intent"": ""PAUSE"", ""infer_ms"": 14.0, ""audio_ms"": 1300}",True,True,,,,1,True,0.6144912242889404,14.0,1300.0,202520785,False,3,audio/trial_141.wav
142,wake,,45,Synthetic,Skip song,NEXT,Skip song,,NEXT,,,,"{""intent"": ""NEXT"", ""confidence"": 1.0, ""model_intent"": ""NEXT"", ""infer_ms"": 13.9, ""audio_ms"": 1000}",True,True,,,,1,True,0.6192128658294678,13.9,1000.0,s10,True,1,audio/trial_142.wav
143,no_wake,False,97,Synthetic,Alarm 6 AM,ALARM,Alarm 6:00 AM,6:00 AM,NO_RESPONSE,,,,,,,,,,0,False,,,,s10,True,0,audio/trial_143.wav
144,wake,,150,Filipino (group),Change the lights to Red,COLOR,Change color to Red,Red,COLOR,blue,,,"{""intent"": ""COLOR"", ""slot"": ""blue"", ""confidence"": 0.989, ""model_intent"": ""COLOR"", ""infer_ms"": 14.7, ""audio_ms"": 1600}",True,False,False,,1.0,1,True,0.5644690990447998,14.7,1600.0,202520785,False,2,audio/trial_144.wav
145,wake,,58,Filipino (group),Turn the volume down,VOLUME_DOWN,Turn the volume down,,VOLUME_DOWN,,,,"{""intent"": ""VOLUME_DOWN"", ""confidence"": 0.999, ""model_intent"": ""VOLUME_DOWN"", ""infer_ms"": 14.2, ""audio_ms"": 1800}",True,True,,,,1,True,0.3936312198638916,14.2,1800.0,202520785,False,3,audio/trial_145.wav
146,wake,,53,Synthetic,Turn the volume up,VOLUME_UP,Turn the volume up,,VOLUME_UP,,,,"{""intent"": ""VOLUME_UP"", ""confidence"": 1.0, ""model_intent"": ""VOLUME_UP"", ""infer_ms"": 15.5, ""audio_ms"": 1600}",True,True,,,,1,True,0.6935381889343262,15.5,1600.0,s10,True,1,audio/trial_146.wav
147,wake,,166,Filipino (group),Set the lights to Green,COLOR,Set color to Green,Green,COLOR,green,,,"{""intent"": ""COLOR"", ""slot"": ""green"", ""confidence"": 0.96, ""model_intent"": ""COLOR"", ""infer_ms"": 14.7, ""audio_ms"": 1700}",True,True,True,,0.0,1,True,-2.198866367340088,14.7,1700.0,202520785,False,2,audio/trial_147.wav
148,wake,,201,Synthetic,We're going to the beach on Saturday.,OUT_OF_SCOPE,,,OUT_OF_SCOPE,,,,"{""intent"": ""OUT_OF_SCOPE"", ""confidence"": 0.582, ""model_intent"": ""PAUSE"", ""infer_ms"": 14.1, ""audio_ms"": 1000}",True,True,,,,1,True,-5.435137987136841,14.1,1000.0,s100,True,3,audio/trial_148.wav
149,wake,,149,Synthetic,Brightness level 100 percent,BRIGHTNESS,Brightness level 100 percent,100 percent,BRIGHTNESS,100%,,,"{""intent"": ""BRIGHTNESS"", ""slot"": ""100%"", ""confidence"": 0.949, ""model_intent"": ""BRIGHTNESS"", ""infer_ms"": 14.4, ""audio_ms"": 2900}",True,True,True,0.0,0.0,1,True,0.5739152431488037,14.4,2900.0,s100,True,1,audio/trial_149.wav
150,wake,,31,Synthetic,Pause,PAUSE,Pause,,PAUSE,,,,"{""intent"": ""PAUSE"", ""confidence"": 1.0, ""model_intent"": ""PAUSE"", ""infer_ms"": 18.3, ""audio_ms"": 900}",True,True,,,,1,True,0.5934524536132812,18.3,900.0,s10,True,2,audio/trial_150.wav
151,wake,,127,Synthetic,Set the temperature to 18 degrees,TEMPERATURE,Set the temperature to 18 degrees,18 degrees,TEMPERATURE,18 degrees,,,"{""intent"": ""TEMPERATURE"", ""slot"": ""18 degrees"", ""confidence"": 1.0, ""model_intent"": ""TEMPERATURE"", ""infer_ms"": 14.4, ""audio_ms"": 2700}",True,True,True,0.0,0.0,1,True,0.588965892791748,14.4,2700.0,s10,True,3,audio/trial_151.wav
152,wake,,191,Native English,Set language to Chinese,OUT_OF_SCOPE,,,TEMPERATURE,26 degrees,,,"{""intent"": ""TEMPERATURE"", ""slot"": ""26 degrees"", ""confidence"": 0.629, ""model_intent"": ""TEMPERATURE"", ""infer_ms"": 15.5, ""audio_ms"": 2000}",False,False,,,,1,True,0.6186447143554688,15.5,2000.0,R3mXwwoaX9IoRVKe,False,1,audio/trial_152.wav
153,no_wake,False,48,Filipino (group),Volume up,VOLUME_UP,Volume up,,NO_RESPONSE,,,,,,,,,,0,False,,,,202520785,False,0,audio/trial_153.wav
154,wake,,22,Filipino (group),Turn on the lights,LIGHT_ON,Turn on the lights,,LIGHT_ON,,,,"{""intent"": ""LIGHT_ON"", ""confidence"": 0.997, ""model_intent"": ""LIGHT_ON"", ""infer_ms"": 14.8, ""audio_ms"": 1700}",True,True,,,,1,True,0.6416263580322266,14.8,1700.0,202520785,False,2,audio/trial_154.wav
155,wake,,51,Synthetic,Increase the volume,VOLUME_UP,Increase the volume,,VOLUME_UP,,,,"{""intent"": ""VOLUME_UP"", ""confidence"": 0.999, ""model_intent"": ""VOLUME_UP"", ""infer_ms"": 21.8, ""audio_ms"": 1600}",True,True,,,,1,True,0.6955711841583252,21.8,1600.0,s10,True,3,audio/trial_155.wav
156,wake,,130,Filipino (group),Set the temperature to 26 degrees,TEMPERATURE,Set the temperature to 26 degrees,26 degrees,TEMPERATURE,26 degrees,,,"{""intent"": ""TEMPERATURE"", ""slot"": ""26 degrees"", ""confidence"": 1.0, ""model_intent"": ""TEMPERATURE"", ""infer_ms"": 15.2, ""audio_ms"": 2900}",True,True,True,0.0,0.0,1,True,-0.11217784881591797,15.2,2900.0,202520785,False,1,audio/trial_156.wav
157,wake,,93,Synthetic,Start a timer for 30 seconds,TIMER,Start a timer for 30 seconds,30 seconds,TIMER,30s,,,"{""intent"": ""TIMER"", ""slot"": ""30s"", ""confidence"": 1.0, ""model_intent"": ""TIMER"", ""infer_ms"": 15.0, ""audio_ms"": 2400}",True,True,True,0.0,0.4444444444444444,1,True,0.626042366027832,15.0,2400.0,s10,True,2,audio/trial_157.wav
158,wake,,2,Filipino (group),Start the music,PLAY_MUSIC,Start music,,PLAY_MUSIC,,,,"{""intent"": ""PLAY_MUSIC"", ""confidence"": 0.919, ""model_intent"": ""PLAY_MUSIC"", ""infer_ms"": 14.5, ""audio_ms"": 1400}",True,True,,,,1,True,0.5893876552581787,14.5,1400.0,202520785,False,3,audio/trial_158.wav
159,wake,,125,Synthetic,Change the temperature to 26 degrees,TEMPERATURE,Change the temperature to 26 degrees,26 degrees,TEMPERATURE,26 degrees,,,"{""intent"": ""TEMPERATURE"", ""slot"": ""26 degrees"", ""confidence"": 1.0, ""model_intent"": ""TEMPERATURE"", ""infer_ms"": 15.4, ""audio_ms"": 2900}",True,True,True,0.0,0.0,1,True,0.612687349319458,15.4,2900.0,s10,True,1,audio/trial_159.wav
160,wake,,133,Synthetic,Brightness 20 percent,BRIGHTNESS,Brightness 20 percent,20 percent,BRIGHTNESS,20%,,,"{""intent"": ""BRIGHTNESS"", ""slot"": ""20%"", ""confidence"": 1.0, ""model_intent"": ""BRIGHTNESS"", ""infer_ms"": 13.9, ""audio_ms"": 1700}",True,True,True,0.0,0.0,1,True,0.19543242454528809,13.9,1700.0,s10,True,2,audio/trial_160.wav
161,wake,,20,Filipino (group),Power on the lights,LIGHT_ON,Power on the lights,,LIGHT_ON,,,,"{""intent"": ""LIGHT_ON"", ""confidence"": 0.996, ""model_intent"": ""LIGHT_ON"", ""infer_ms"": 14.1, ""audio_ms"": 1800}",True,True,,,,1,True,0.7129316329956055,14.1,1800.0,202520785,False,3,audio/trial_161.wav
162,wake,,89,Synthetic,Countdown for 1 minute,TIMER,Countdown for 1 minute,1 minute,TIMER,1m,,,"{""intent"": ""TIMER"", ""slot"": ""1m"", ""confidence"": 1.0, ""model_intent"": ""TIMER"", ""infer_ms"": 14.1, ""audio_ms"": 1700}",True,True,True,0.0,0.3333333333333333,1,True,0.5671467781066895,14.1,1700.0,s10,True,1,audio/trial_162.wav
163,wake,,190,Native English,Decrease the heating,OUT_OF_SCOPE,,,OUT_OF_SCOPE,,,,"{""intent"": ""OUT_OF_SCOPE"", ""confidence"": 0.956, ""model_intent"": ""OUT_OF_SCOPE"", ""infer_ms"": 14.1, ""audio_ms"": 2500}",True,True,,,,1,True,1.7457032203674316,14.1,2500.0,R3mXwwoaX9IoRVKe,False,2,audio/trial_163.wav
164,no_wake,False,0,Filipino (group),Play a song,PLAY_MUSIC,Play music,,NO_RESPONSE,,,,,,,,,,0,False,,,,202520785,False,0,audio/trial_164.wav
165,wake,,186,Filipino (open-source),They first met while both studying at University College Dublin.,OUT_OF_SCOPE,,,OUT_OF_SCOPE,,,,"{""intent"": ""OUT_OF_SCOPE"", ""confidence"": 0.806, ""model_intent"": ""OUT_OF_SCOPE"", ""infer_ms"": 21.7, ""audio_ms"": 4100}",True,True,,,,1,True,-0.23151898384094238,21.7,4100.0,0365b018a15ab96510f1368f4910554f97f6c278320e780c89e4989e9fdef0e557feb655cc9a89282ab0b8effbf5c920cf83193d6e0536e03d2ea84c6dca7559,False,3,audio/trial_165.wav
166,wake,,102,Filipino (group),Wake me up at 6:00 AM,ALARM,Wake me up at 6:00 AM,6:00 AM,ALARM,6:00 AM,,,"{""intent"": ""ALARM"", ""slot"": ""6:00 AM"", ""confidence"": 0.996, ""model_intent"": ""ALARM"", ""infer_ms"": 14.6, ""audio_ms"": 2300}",True,True,True,0.0,0.0,1,True,0.596520185470581,14.6,2300.0,202520785,False,1,audio/trial_166.wav
167,wake,,48,Filipino (group),Volume up,VOLUME_UP,Volume up,,VOLUME_UP,,,,"{""intent"": ""VOLUME_UP"", ""confidence"": 1.0, ""model_intent"": ""VOLUME_UP"", ""infer_ms"": 15.3, ""audio_ms"": 1100}",True,True,,,,1,True,-1.9207234382629395,15.3,1100.0,202520785,False,2,audio/trial_167.wav
168,wake,,17,Synthetic,Tell me the time,TIME,Tell me the time,,OUT_OF_SCOPE,,,,"{""intent"": ""OUT_OF_SCOPE"", ""confidence"": 0.977, ""model_intent"": ""OUT_OF_SCOPE"", ""infer_ms"": 20.4, ""audio_ms"": 600}",False,False,,,,1,True,-1.1734788417816162,20.4,600.0,s10,True,3,audio/trial_168.wav
169,wake,,122,Filipino (group),Change the temperature to 22 degrees,TEMPERATURE,Change the temperature to 22 degrees,22 degrees,TEMPERATURE,22 degrees,,,"{""intent"": ""TEMPERATURE"", ""slot"": ""22 degrees"", ""confidence"": 1.0, ""model_intent"": ""TEMPERATURE"", ""infer_ms"": 14.6, ""audio_ms"": 2700}",True,True,True,0.0,0.0,1,True,0.6531515121459961,14.6,2700.0,202520785,False,1,audio/trial_169.wav
170,wake,,147,Synthetic,Brightness level 60 percent,BRIGHTNESS,Brightness level 60 percent,60 percent,BRIGHTNESS,60%,,,"{""intent"": ""BRIGHTNESS"", ""slot"": ""60%"", ""confidence"": 1.0, ""model_intent"": ""BRIGHTNESS"", ""infer_ms"": 14.2, ""audio_ms"": 2400}",True,True,True,0.0,0.0,1,True,0.6224977970123291,14.2,2400.0,s100,True,2,audio/trial_170.wav
171,wake,,74,Filipino (group),Show my reminders,LIST_REMINDERS,Show my reminders,,LIST_REMINDERS,,,,"{""intent"": ""LIST_REMINDERS"", ""confidence"": 0.998, ""model_intent"": ""LIST_REMINDERS"", ""infer_ms"": 14.7, ""audio_ms"": 1700}",True,True,,,,1,True,0.57161545753479,14.7,1700.0,202520785,False,3,audio/trial_171.wav
172,wake,,177,Synthetic,Remind me to study,CREATE_REMINDER,Remind me to Study,Study,CREATE_REMINDER,study,,,"{""intent"": ""CREATE_REMINDER"", ""slot"": ""study"", ""confidence"": 1.0, ""model_intent"": ""CREATE_REMINDER"", ""infer_ms"": 14.4, ""audio_ms"": 1500}",True,True,True,,0.0,1,True,0.6065874099731445,14.4,1500.0,s10,True,1,audio/trial_172.wav
173,wake,,143,Synthetic,Adjust brightness to 100 percent,BRIGHTNESS,Adjust brightness to 100 percent,100 percent,BRIGHTNESS,100%,,,"{""intent"": ""BRIGHTNESS"", ""slot"": ""100%"", ""confidence"": 0.999, ""model_intent"": ""BRIGHTNESS"", ""infer_ms"": 15.6, ""audio_ms"": 2700}",True,True,True,0.0,0.0,1,True,0.6068634986877441,15.6,2700.0,s10,True,2,audio/trial_173.wav
174,wake,,55,Synthetic,Volume down,VOLUME_DOWN,Volume down,,VOLUME_DOWN,,,,"{""intent"": ""VOLUME_DOWN"", ""confidence"": 1.0, ""model_intent"": ""VOLUME_DOWN"", ""infer_ms"": 15.1, ""audio_ms"": 1400}",True,True,,,,1,True,0.6343648433685303,15.1,1400.0,s10,True,3,audio/trial_174.wav
175,wake,,106,Filipino (group),Wake me up at 9:00 PM,ALARM,Wake me up at 9:00 PM,9:00 PM,ALARM,8:00 AM,,,"{""intent"": ""ALARM"", ""slot"": ""8:00 AM"", ""confidence"": 0.971, ""model_intent"": ""ALARM"", ""infer_ms"": 14.5, ""audio_ms"": 2700}",True,False,False,660.0,0.6,1,True,-0.860541582107544,14.5,2700.0,202520785,False,1,audio/trial_175.wav
176,wake,,73,Synthetic,Reminders,LIST_REMINDERS,Reminders,,LIST_REMINDERS,,,,"{""intent"": ""LIST_REMINDERS"", ""confidence"": 0.999, ""model_intent"": ""LIST_REMINDERS"", ""infer_ms"": 14.6, ""audio_ms"": 1200}",True,True,,,,1,True,0.6608035564422607,14.6,1200.0,s10,True,2,audio/trial_176.wav
177,wake,,43,Synthetic,Next song,NEXT,Next song,,NEXT,,,,"{""intent"": ""NEXT"", ""confidence"": 1.0, ""model_intent"": ""NEXT"", ""infer_ms"": 14.1, ""audio_ms"": 1200}",True,True,,,,1,True,0.5676014423370361,14.1,1200.0,s10,True,3,audio/trial_177.wav
178,wake,,142,Filipino (group),Set the brightness to 100 percent,BRIGHTNESS,Adjust brightness to 100 percent,100 percent,BRIGHTNESS,100%,,,"{""intent"": ""BRIGHTNESS"", ""slot"": ""100%"", ""confidence"": 0.954, ""model_intent"": ""BRIGHTNESS"", ""infer_ms"": 14.3, ""audio_ms"": 2500}",True,True,True,0.0,0.0,1,True,0.5930237770080566,14.3,2500.0,202520785,False,1,audio/trial_178.wav
179,wake,,14,Filipino (group),What time is it?,TIME,What time is it?,,TIME,,,,"{""intent"": ""TIME"", ""confidence"": 0.989, ""model_intent"": ""TIME"", ""infer_ms"": 14.0, ""audio_ms"": 1400}",True,True,,,,1,True,0.66347336769104,14.0,1400.0,202520785,False,2,audio/trial_179.wav
180,wake,,16,Filipino (group),Tell me the time,TIME,Tell me the time,,TIME,,,,"{""intent"": ""TIME"", ""confidence"": 0.993, ""model_intent"": ""TIME"", ""infer_ms"": 14.3, ""audio_ms"": 1800}",True,True,,,,1,True,0.782149076461792,14.3,1800.0,202520785,False,3,audio/trial_180.wav
181,wake,,189,Native English,Kitchen heat up,OUT_OF_SCOPE,,,OUT_OF_SCOPE,,,,"{""intent"": ""OUT_OF_SCOPE"", ""confidence"": 0.879, ""model_intent"": ""OUT_OF_SCOPE"", ""infer_ms"": 14.2, ""audio_ms"": 1400}",True,True,,,,1,True,0.6365294456481934,14.2,1400.0,R3mXwwoaX9IoRVKe,False,1,audio/trial_181.wav
182,wake,,61,Synthetic,Call,CALL,Call,,CALL,,,,"{""intent"": ""CALL"", ""confidence"": 0.999, ""model_intent"": ""CALL"", ""infer_ms"": 14.1, ""audio_ms"": 900}",True,True,,,,1,True,0.6320078372955322,14.1,900.0,s10,True,2,audio/trial_182.wav
183,wake,,4,Native English,Put on the music,PLAY_MUSIC,Play some music,,STOP,,,,"{""intent"": ""STOP"", ""confidence"": 0.975, ""model_intent"": ""STOP"", ""infer_ms"": 14.3, ""audio_ms"": 1200}",False,False,,,,1,True,0.5191264152526855,14.3,1200.0,R3mXwwoaX9IoRVKe,False,3,audio/trial_183.wav
184,wake,,103,Synthetic,Wake me up at 6 AM,ALARM,Wake me up at 6:00 AM,6:00 AM,ALARM,6:00 AM,,,"{""intent"": ""ALARM"", ""slot"": ""6:00 AM"", ""confidence"": 1.0, ""model_intent"": ""ALARM"", ""infer_ms"": 14.4, ""audio_ms"": 1900}",True,True,True,0.0,0.0,1,True,0.5765907764434814,14.4,1900.0,s10,True,1,audio/trial_184.wav
185,wake,,141,Synthetic,Adjust brightness to 60 percent,BRIGHTNESS,Adjust brightness to 60 percent,60 percent,BRIGHTNESS,60%,,,"{""intent"": ""BRIGHTNESS"", ""slot"": ""60%"", ""confidence"": 1.0, ""model_intent"": ""BRIGHTNESS"", ""infer_ms"": 14.2, ""audio_ms"": 2500}",True,True,True,0.0,0.0,1,True,1.5919668674468994,14.2,2500.0,s10,True,2,audio/trial_185.wav
186,wake,,108,Filipino (group),Set an alarm for 6:00 AM,ALARM,Set an alarm for 6:00 AM,6:00 AM,ALARM,6:00 AM,,,"{""intent"": ""ALARM"", ""slot"": ""6:00 AM"", ""confidence"": 0.999, ""model_intent"": ""ALARM"", ""infer_ms"": 15.0, ""audio_ms"": 2800}",True,True,True,0.0,0.0,1,True,0.6113958358764648,15.0,2800.0,202520785,False,3,audio/trial_186.wav
187,wake,,83,Synthetic,Timer 1 minute,TIMER,Timer 1 minute,1 minute,TIMER,1m,,,"{""intent"": ""TIMER"", ""slot"": ""1m"", ""confidence"": 1.0, ""model_intent"": ""TIMER"", ""infer_ms"": 14.5, ""audio_ms"": 1400}",True,True,True,0.0,0.3333333333333333,1,True,0.6268825531005859,14.5,1400.0,s10,True,1,audio/trial_187.wav
188,wake,,60,Filipino (group),Call,CALL,Call,,CALL,,,,"{""intent"": ""CALL"", ""confidence"": 0.997, ""model_intent"": ""CALL"", ""infer_ms"": 14.9, ""audio_ms"": 800}",True,True,,,,1,True,0.2794623374938965,14.9,800.0,202520785,False,2,audio/trial_188.wav
189,wake,,107,Synthetic,Wake me up at 9 PM,ALARM,Wake me up at 9:00 PM,9:00 PM,ALARM,9:00 PM,,,"{""intent"": ""ALARM"", ""slot"": ""9:00 PM"", ""confidence"": 0.998, ""model_intent"": ""ALARM"", ""infer_ms"": 14.2, ""audio_ms"": 1800}",True,True,True,0.0,0.0,1,True,0.5968542098999023,14.2,1800.0,s10,True,3,audio/trial_189.wav
190,wake,,94,Filipino (group),Start a timer for 1 minute,TIMER,Start a timer for 1 minute,1 minute,TIMER,1m,,,"{""intent"": ""TIMER"", ""slot"": ""1m"", ""confidence"": 0.96, ""model_intent"": ""TIMER"", ""infer_ms"": 20.5, ""audio_ms"": 2400}",True,True,True,0.0,0.3333333333333333,1,True,0.624608039855957,20.5,2400.0,202520785,False,1,audio/trial_190.wav
191,wake,,115,Synthetic,Temperature 18 degrees,TEMPERATURE,Temperature 18 degrees,18 degrees,TEMPERATURE,18 degrees,,,"{""intent"": ""TEMPERATURE"", ""slot"": ""18 degrees"", ""confidence"": 1.0, ""model_intent"": ""TEMPERATURE"", ""infer_ms"": 20.3, ""audio_ms"": 2300}",True,True,True,0.0,0.0,1,True,0.6590197086334229,20.3,2300.0,s10,True,2,audio/trial_191.wav
192,wake,,121,Synthetic,Change the temperature to 18 degrees,TEMPERATURE,Change the temperature to 18 degrees,18 degrees,TEMPERATURE,18 degrees,,,"{""intent"": ""TEMPERATURE"", ""slot"": ""18 degrees"", ""confidence"": 1.0, ""model_intent"": ""TEMPERATURE"", ""infer_ms"": 14.9, ""audio_ms"": 3100}",True,True,True,0.0,0.0,1,True,0.5979018211364746,14.9,3100.0,s10,True,3,audio/trial_192.wav
193,wake,,96,Filipino (group),Alarm 6:00 AM,ALARM,Alarm 6:00 AM,6:00 AM,ALARM,6:00 AM,,,"{""intent"": ""ALARM"", ""slot"": ""6:00 AM"", ""confidence"": 0.761, ""model_intent"": ""ALARM"", ""infer_ms"": 24.0, ""audio_ms"": 4600}",True,True,True,0.0,0.0,1,True,2.131903648376465,24.0,4600.0,202520785,False,1,audio/trial_193.wav
194,wake,,139,Synthetic,Adjust brightness to 20 percent,BRIGHTNESS,Adjust brightness to 20 percent,20 percent,BRIGHTNESS,20%,,,"{""intent"": ""BRIGHTNESS"", ""slot"": ""20%"", ""confidence"": 0.992, ""model_intent"": ""BRIGHTNESS"", ""infer_ms"": 20.4, ""audio_ms"": 4000}",True,True,True,0.0,0.0,1,True,1.8876192569732666,20.4,4000.0,s10,True,2,audio/trial_194.wav
195,wake,,124,Filipino (group),Change the temperature to 26 degrees,TEMPERATURE,Change the temperature to 26 degrees,26 degrees,OUT_OF_SCOPE,,,,"{""intent"": ""OUT_OF_SCOPE"", ""confidence"": 0.981, ""model_intent"": ""OUT_OF_SCOPE"", ""infer_ms"": 20.4, ""audio_ms"": 600}",False,False,,,,1,True,-2.640061616897583,20.4,600.0,202520785,False,3,audio/trial_195.wav
196,wake,,40,Native English,Turn off the music,STOP,End playback,,STOP,,,,"{""intent"": ""STOP"", ""confidence"": 0.997, ""model_intent"": ""STOP"", ""infer_ms"": 20.0, ""audio_ms"": 1400}",True,True,,,,1,True,0.6182229518890381,20.0,1400.0,R3mXwwoaX9IoRVKe,False,1,audio/trial_196.wav
197,wake,,72,Filipino (group),Reminders,LIST_REMINDERS,Reminders,,LIST_REMINDERS,,,,"{""intent"": ""LIST_REMINDERS"", ""confidence"": 0.999, ""model_intent"": ""LIST_REMINDERS"", ""infer_ms"": 20.0, ""audio_ms"": 1500}",True,True,,,,1,True,0.12507867813110352,20.0,1500.0,202520785,False,2,audio/trial_197.wav
198,wake,,50,Filipino (group),Increase the volume,VOLUME_UP,Increase the volume,,OUT_OF_SCOPE,,,,"{""intent"": ""OUT_OF_SCOPE"", ""confidence"": 0.784, ""model_intent"": ""OUT_OF_SCOPE"", ""infer_ms"": 13.8, ""audio_ms"": 1000}",False,False,,,,1,True,-3.3257486820220947,13.8,1000.0,202520785,False,3,audio/trial_198.wav
199,wake,,69,Synthetic,Send a message,MESSAGE,Send a message,,MESSAGE,,,,"{""intent"": ""MESSAGE"", ""confidence"": 1.0, ""model_intent"": ""MESSAGE"", ""infer_ms"": 19.8, ""audio_ms"": 1300}",True,True,,,,1,True,0.6482083797454834,19.8,1300.0,s10,True,1,audio/trial_199.wav
200,wake,,97,Synthetic,Alarm 6 AM,ALARM,Alarm 6:00 AM,6:00 AM,ALARM,6:00 AM,,,"{""intent"": ""ALARM"", ""slot"": ""6:00 AM"", ""confidence"": 1.0, ""model_intent"": ""ALARM"", ""infer_ms"": 14.0, ""audio_ms"": 1900}",True,True,True,0.0,0.0,1,True,0.5846407413482666,14.0,1900.0,s10,True,2,audio/trial_200.wav
201,wake,,63,Synthetic,Make a call,CALL,Make a call,,OUT_OF_SCOPE,,,,"{""intent"": ""OUT_OF_SCOPE"", ""confidence"": 0.98, ""model_intent"": ""OUT_OF_SCOPE"", ""infer_ms"": 13.9, ""audio_ms"": 600}",False,False,,,,1,True,-0.952415943145752,13.9,600.0,s10,True,3,audio/trial_201.wav
202,wake,,155,Synthetic,Change color to green,COLOR,Change color to Green,Green,COLOR,green,,,"{""intent"": ""COLOR"", ""slot"": ""green"", ""confidence"": 1.0, ""model_intent"": ""COLOR"", ""infer_ms"": 13.7, ""audio_ms"": 1700}",True,True,True,,0.0,1,True,0.6324121952056885,13.7,1700.0,s10,True,1,audio/trial_202.wav
203,wake,,112,Filipino (group),Set an alarm for 9:00 PM,ALARM,Set an alarm for 9:00 PM,9:00 PM,ALARM,8:00 AM,,,"{""intent"": ""ALARM"", ""slot"": ""8:00 AM"", ""confidence"": 1.0, ""model_intent"": ""ALARM"", ""infer_ms"": 14.0, ""audio_ms"": 2400}",True,False,False,660.0,0.6,1,True,0.289294958114624,14.0,2400.0,202520785,False,2,audio/trial_203.wav
204,wake,,84,Filipino (group),Countdown for 10 seconds,TIMER,Countdown for 10 seconds,10 seconds,OUT_OF_SCOPE,,,,"{""intent"": ""OUT_OF_SCOPE"", ""confidence"": 0.987, ""model_intent"": ""OUT_OF_SCOPE"", ""infer_ms"": 13.7, ""audio_ms"": 600}",False,False,,,,1,True,-1.8996756076812744,13.7,600.0,202520785,False,3,audio/trial_204.wav
205,wake,,75,Synthetic,Show my reminders,LIST_REMINDERS,Show my reminders,,LIST_REMINDERS,,,,"{""intent"": ""LIST_REMINDERS"", ""confidence"": 1.0, ""model_intent"": ""LIST_REMINDERS"", ""infer_ms"": 13.9, ""audio_ms"": 1600}",True,True,,,,1,True,0.5974235534667969,13.9,1600.0,s10,True,1,audio/trial_205.wav
206,wake,,27,Synthetic,Kill the lights,LIGHT_OFF,Kill the lights,,LIGHT_OFF,,,,"{""intent"": ""LIGHT_OFF"", ""confidence"": 1.0, ""model_intent"": ""LIGHT_OFF"", ""infer_ms"": 13.8, ""audio_ms"": 1500}",True,True,,,,1,True,0.6182150840759277,13.8,1500.0,s10,True,2,audio/trial_206.wav
207,wake,,5,Synthetic,Play some music,PLAY_MUSIC,Play some music,,OUT_OF_SCOPE,,,,"{""intent"": ""OUT_OF_SCOPE"", ""confidence"": 0.988, ""model_intent"": ""OUT_OF_SCOPE"", ""infer_ms"": 13.6, ""audio_ms"": 600}",False,False,,,,1,True,-1.1644902229309082,13.6,600.0,s10,True,3,audio/trial_207.wav
208,wake,,29,Synthetic,Shut off the lights,LIGHT_OFF,Shut off the lights,,LIGHT_OFF,,,,"{""intent"": ""LIGHT_OFF"", ""confidence"": 0.996, ""model_intent"": ""LIGHT_OFF"", ""infer_ms"": 14.5, ""audio_ms"": 1600}",True,True,,,,1,True,0.6311478614807129,14.5,1600.0,s10,True,1,audio/trial_208.wav
209,wake,,44,Filipino (group),Skip song,NEXT,Skip song,,NEXT,,,,"{""intent"": ""NEXT"", ""confidence"": 0.999, ""model_intent"": ""NEXT"", ""infer_ms"": 13.8, ""audio_ms"": 1400}",True,True,,,,1,True,0.5194883346557617,13.8,1400.0,202520785,False,2,audio/trial_209.wav
210,wake,,197,Synthetic,My sister is visiting next month.,OUT_OF_SCOPE,,,OUT_OF_SCOPE,,,,"{""intent"": ""OUT_OF_SCOPE"", ""confidence"": 0.603, ""model_intent"": ""OUT_OF_SCOPE"", ""infer_ms"": 13.9, ""audio_ms"": 900}",True,True,,,,1,True,-2.6681554317474365,13.9,900.0,s10,True,3,audio/trial_210.wav
211,wake,,7,Synthetic,Weather,WEATHER,Weather,,WEATHER,,,,"{""intent"": ""WEATHER"", ""confidence"": 1.0, ""model_intent"": ""WEATHER"", ""infer_ms"": 13.8, ""audio_ms"": 800}",True,True,,,,1,True,0.5883188247680664,13.8,800.0,s10,True,1,audio/trial_211.wav
212,wake,,37,Synthetic,Stop,STOP,Stop,,STOP,,,,"{""intent"": ""STOP"", ""confidence"": 0.999, ""model_intent"": ""STOP"", ""infer_ms"": 18.6, ""audio_ms"": 600}",True,True,,,,1,True,0.6241564750671387,18.6,600.0,s10,True,2,audio/trial_212.wav
213,wake,,12,Filipino (group),Time,TIME,Time,,TIME,,,,"{""intent"": ""TIME"", ""confidence"": 0.93, ""model_intent"": ""TIME"", ""infer_ms"": 14.0, ""audio_ms"": 900}",True,True,,,,1,True,0.6062910556793213,14.0,900.0,202520785,False,3,audio/trial_213.wav
214,wake,,21,Synthetic,Power on the lights,LIGHT_ON,Power on the lights,,LIGHT_ON,,,,"{""intent"": ""LIGHT_ON"", ""confidence"": 1.0, ""model_intent"": ""LIGHT_ON"", ""infer_ms"": 21.0, ""audio_ms"": 1300}",True,True,,,,1,True,0.3175678253173828,21.0,1300.0,s10,True,1,audio/trial_214.wav
215,wake,,80,Filipino (group),Timer 30 seconds,TIMER,Timer 30 seconds,30 seconds,TIMER,30s,,,"{""intent"": ""TIMER"", ""slot"": ""30s"", ""confidence"": 0.994, ""model_intent"": ""TIMER"", ""infer_ms"": 14.5, ""audio_ms"": 2000}",True,True,True,0.0,0.4444444444444444,1,True,0.6493229866027832,14.5,2000.0,202520785,False,2,audio/trial_215.wav
216,wake,,138,Filipino (group),Change the brightness to 20 percent,BRIGHTNESS,Adjust brightness to 20 percent,20 percent,BRIGHTNESS,20%,,,"{""intent"": ""BRIGHTNESS"", ""slot"": ""20%"", ""confidence"": 0.989, ""model_intent"": ""BRIGHTNESS"", ""infer_ms"": 14.0, ""audio_ms"": 2400}",True,True,True,0.0,0.0,1,True,0.6349694728851318,14.0,2400.0,202520785,False,3,audio/trial_216.wav
217,wake,,182,Filipino (group),Create a reminder to Study,CREATE_REMINDER,Create a reminder to Study,Study,CREATE_REMINDER,study,,,"{""intent"": ""CREATE_REMINDER"", ""slot"": ""study"", ""confidence"": 0.899, ""model_intent"": ""CREATE_REMINDER"", ""infer_ms"": 14.4, ""audio_ms"": 1900}",True,True,True,,0.0,1,True,0.5306828022003174,14.4,1900.0,202520785,False,1,audio/trial_217.wav
