label,type,phrase,slot_value
PLAY_MUSIC,fixed,Play music,
PLAY_MUSIC,fixed,Start music,
PLAY_MUSIC,fixed,Play some music,
WEATHER,fixed,Weather,
WEATHER,fixed,What's the weather?,
WEATHER,fixed,Tell me the weather,
TIME,fixed,Time,
TIME,fixed,What time is it?,
TIME,fixed,Tell me the time,
LIGHT_ON,fixed,Lights on,
LIGHT_ON,fixed,Power on the lights,
LIGHT_ON,fixed,Turn on the lights,
LIGHT_OFF,fixed,Lights out,
LIGHT_OFF,fixed,Kill the lights,
LIGHT_OFF,fixed,Shut off the lights,
PAUSE,fixed,Pause,
PAUSE,fixed,Pause audio,
PAUSE,fixed,Pause song,
STOP,fixed,Stop,
STOP,fixed,Stop playing,
STOP,fixed,End playback,
NEXT,fixed,Next song,
NEXT,fixed,Skip song,
NEXT,fixed,Play next song,
VOLUME_UP,fixed,Volume up,
VOLUME_UP,fixed,Increase the volume,
VOLUME_UP,fixed,Turn the volume up,
VOLUME_DOWN,fixed,Volume down,
VOLUME_DOWN,fixed,Lower the volume,
VOLUME_DOWN,fixed,Turn the volume down,
CALL,fixed,Call,
CALL,fixed,Make a call,
CALL,fixed,Make a phone call,
MESSAGE,fixed,Message,
MESSAGE,fixed,Send a message,
MESSAGE,fixed,Send my message,
LIST_REMINDERS,fixed,Reminders,
LIST_REMINDERS,fixed,Show my reminders,
LIST_REMINDERS,fixed,List my reminders,
TIMER,slotted,Timer 10 seconds,10 seconds
TIMER,slotted,Timer 30 seconds,30 seconds
TIMER,slotted,Timer 1 minute,1 minute
TIMER,slotted,Countdown for 10 seconds,10 seconds
TIMER,slotted,Countdown for 30 seconds,30 seconds
TIMER,slotted,Countdown for 1 minute,1 minute
TIMER,slotted,Start a timer for 10 seconds,10 seconds
TIMER,slotted,Start a timer for 30 seconds,30 seconds
TIMER,slotted,Start a timer for 1 minute,1 minute
ALARM,slotted,Alarm 6:00 AM,6:00 AM
ALARM,slotted,Alarm 8:00 AM,8:00 AM
ALARM,slotted,Alarm 9:00 PM,9:00 PM
ALARM,slotted,Wake me up at 6:00 AM,6:00 AM
ALARM,slotted,Wake me up at 8:00 AM,8:00 AM
ALARM,slotted,Wake me up at 9:00 PM,9:00 PM
ALARM,slotted,Set an alarm for 6:00 AM,6:00 AM
ALARM,slotted,Set an alarm for 8:00 AM,8:00 AM
ALARM,slotted,Set an alarm for 9:00 PM,9:00 PM
TEMPERATURE,slotted,Temperature 18 degrees,18 degrees
TEMPERATURE,slotted,Temperature 22 degrees,22 degrees
TEMPERATURE,slotted,Temperature 26 degrees,26 degrees
TEMPERATURE,slotted,Change the temperature to 18 degrees,18 degrees
TEMPERATURE,slotted,Change the temperature to 22 degrees,22 degrees
TEMPERATURE,slotted,Change the temperature to 26 degrees,26 degrees
TEMPERATURE,slotted,Set the temperature to 18 degrees,18 degrees
TEMPERATURE,slotted,Set the temperature to 22 degrees,22 degrees
TEMPERATURE,slotted,Set the temperature to 26 degrees,26 degrees
BRIGHTNESS,slotted,Brightness 20 percent,20 percent
BRIGHTNESS,slotted,Brightness 60 percent,60 percent
BRIGHTNESS,slotted,Brightness 100 percent,100 percent
BRIGHTNESS,slotted,Adjust brightness to 20 percent,20 percent
BRIGHTNESS,slotted,Adjust brightness to 60 percent,60 percent
BRIGHTNESS,slotted,Adjust brightness to 100 percent,100 percent
BRIGHTNESS,slotted,Brightness level 20 percent,20 percent
BRIGHTNESS,slotted,Brightness level 60 percent,60 percent
BRIGHTNESS,slotted,Brightness level 100 percent,100 percent
COLOR,slotted,Change color to Red,Red
COLOR,slotted,Change color to Blue,Blue
COLOR,slotted,Change color to Green,Green
COLOR,slotted,Switch color to Red,Red
COLOR,slotted,Switch color to Blue,Blue
COLOR,slotted,Switch color to Green,Green
COLOR,slotted,Set color to Red,Red
COLOR,slotted,Set color to Blue,Blue
COLOR,slotted,Set color to Green,Green
CREATE_REMINDER,slotted,Reminder Drink water,Drink water
CREATE_REMINDER,slotted,Reminder Study,Study
CREATE_REMINDER,slotted,Reminder Exercise,Exercise
CREATE_REMINDER,slotted,Remind me to Drink water,Drink water
CREATE_REMINDER,slotted,Remind me to Study,Study
CREATE_REMINDER,slotted,Remind me to Exercise,Exercise
CREATE_REMINDER,slotted,Create a reminder to Drink water,Drink water
CREATE_REMINDER,slotted,Create a reminder to Study,Study
CREATE_REMINDER,slotted,Create a reminder to Exercise,Exercise
